"Perioden";"Regio's";"Bevolking/Bevolkingssamenstelling op 1 januari/Totale bevolking (aantal)";"Bevolking/Bevolkingssamenstelling op 1 januari/Bevolkingsdichtheid (aantal inwoners per km²)"
"2020";"Aa en Hunze";25445;92
"2021";"Aa en Hunze";25399;92
"2022";"Aa en Hunze";25579;93
"2023";"Aa en Hunze";25724;93
"2020";"Aalburg";;
"2021";"Aalburg";;
"2022";"Aalburg";;
"2023";"Aalburg";;
"2020";"Aalsmeer";31859;1584
"2021";"Aalsmeer";31991;1590
"2022";"Aalsmeer";32452;1615
"2023";"Aalsmeer";33063;1645
"2020";"Aalten";27121;281
"2021";"Aalten";27120;281
"2022";"Aalten";27100;281
"2023";"Aalten";27244;282
"2020";"Ter Aar";;
"2021";"Ter Aar";;
"2022";"Ter Aar";;
"2023";"Ter Aar";;
"2020";"Aarle-Rixtel";;
"2021";"Aarle-Rixtel";;
"2022";"Aarle-Rixtel";;
"2023";"Aarle-Rixtel";;
"2020";"Abcoude";;
"2021";"Abcoude";;
"2022";"Abcoude";;
"2023";"Abcoude";;
"2020";"Achtkarspelen";27843;272
"2021";"Achtkarspelen";27900;273
"2022";"Achtkarspelen";27954;274
"2023";"Achtkarspelen";28149;275
"2020";"Akersloot";;
"2021";"Akersloot";;
"2022";"Akersloot";;
"2023";"Akersloot";;
"2020";"Alblasserdam";20165;2297
"2021";"Alblasserdam";20136;2294
"2022";"Alblasserdam";20087;2290
"2023";"Alblasserdam";20356;2320
"2020";"Albrandswaard";25590;1180
"2021";"Albrandswaard";25814;1190
"2022";"Albrandswaard";25934;1197
"2023";"Albrandswaard";26357;1217
"2020";"Alkemade";;
"2021";"Alkemade";;
"2022";"Alkemade";;
"2023";"Alkemade";;
"2020";"Alkmaar";109436;991
"2021";"Alkmaar";109896;995
"2022";"Alkmaar";110783;1004
"2023";"Alkmaar";111834;1014
"2020";"Almelo";73107;1087
"2021";"Almelo";73132;1087
"2022";"Almelo";73155;1089
"2023";"Almelo";73949;1101
"2020";"Almere";211893;1640
"2021";"Almere";214715;1662
"2022";"Almere";217828;1686
"2023";"Almere";222825;1725
"2020";"Alphen aan den Rijn";111897;886
"2021";"Alphen aan den Rijn";112587;892
"2022";"Alphen aan den Rijn";112926;897
"2023";"Alphen aan den Rijn";114182;907
"2020";"Alphen en Riel";;
"2021";"Alphen en Riel";;
"2022";"Alphen en Riel";;
"2023";"Alphen en Riel";;
"2020";"Alphen-Chaam";10203;110
"2021";"Alphen-Chaam";10373;111
"2022";"Alphen-Chaam";10425;112
"2023";"Alphen-Chaam";10463;113
"2020";"Altena";55967;279
"2021";"Altena";56352;281
"2022";"Altena";57009;285
"2023";"Altena";57726;289
"2020";"Ambt Delden";;
"2021";"Ambt Delden";;
"2022";"Ambt Delden";;
"2023";"Ambt Delden";;
"2020";"Ambt Montfort";;
"2021";"Ambt Montfort";;
"2022";"Ambt Montfort";;
"2023";"Ambt Montfort";;
"2020";"Ameland";3716;63
"2021";"Ameland";3746;63
"2022";"Ameland";3757;66
"2023";"Ameland";3840;68
"2020";"Amerongen";;
"2021";"Amerongen";;
"2022";"Amerongen";;
"2023";"Amerongen";;
"2020";"Amersfoort";157276;2512
"2021";"Amersfoort";157462;2514
"2022";"Amersfoort";158590;2538
"2023";"Amersfoort";160759;2572
"2020";"Ammerzoden";;
"2021";"Ammerzoden";;
"2022";"Ammerzoden";;
"2023";"Ammerzoden";;
"2020";"Amstelveen";91675;2229
"2021";"Amstelveen";90829;2208
"2022";"Amstelveen";92331;2246
"2023";"Amstelveen";94418;2297
"2020";"Amsterdam";872757;5273
"2021";"Amsterdam";873338;5277
"2022";"Amsterdam";882633;5336
"2023";"Amsterdam";918117;4880
"2020";"Andijk";;
"2021";"Andijk";;
"2022";"Andijk";;
"2023";"Andijk";;
"2020";"Angerlo";;
"2021";"Angerlo";;
"2022";"Angerlo";;
"2023";"Angerlo";;
"2020";"Anloo";;
"2021";"Anloo";;
"2022";"Anloo";;
"2023";"Anloo";;
"2020";"Anna Paulowna";;
"2021";"Anna Paulowna";;
"2022";"Anna Paulowna";;
"2023";"Anna Paulowna";;
"2020";"Apeldoorn";163818;482
"2021";"Apeldoorn";164781;485
"2022";"Apeldoorn";165611;487
"2023";"Apeldoorn";167191;492
"2020";"Appingedam";11642;490
"2021";"Appingedam";;
"2022";"Appingedam";;
"2023";"Appingedam";;
"2020";"Arcen en Velden";;
"2021";"Arcen en Velden";;
"2022";"Arcen en Velden";;
"2023";"Arcen en Velden";;
"2020";"Arnemuiden";;
"2021";"Arnemuiden";;
"2022";"Arnemuiden";;
"2023";"Arnemuiden";;
"2020";"Arnhem";161348;1649
"2021";"Arnhem";162424;1660
"2022";"Arnhem";163888;1677
"2023";"Arnhem";165770;1696
"2020";"Assen";68599;838
"2021";"Assen";68836;841
"2022";"Assen";68979;842
"2023";"Assen";69414;848
"2020";"Asten";16721;238
"2021";"Asten";16817;240
"2022";"Asten";17068;243
"2023";"Asten";17242;246
"2020";"Avereest";;
"2021";"Avereest";;
"2022";"Avereest";;
"2023";"Avereest";;
"2020";"Axel";;
"2021";"Axel";;
"2022";"Axel";;
"2023";"Axel";;
"2020";"Baarle-Nassau";6859;90
"2021";"Baarle-Nassau";6899;91
"2022";"Baarle-Nassau";6931;91
"2023";"Baarle-Nassau";7071;93
"2020";"Baarn";24868;764
"2021";"Baarn";24792;762
"2022";"Baarn";24876;764
"2023";"Baarn";25008;769
"2020";"Bakel en Milheeze";;
"2021";"Bakel en Milheeze";;
"2022";"Bakel en Milheeze";;
"2023";"Bakel en Milheeze";;
"2020";"Barendrecht";48714;2467
"2021";"Barendrecht";48643;2463
"2022";"Barendrecht";48714;2488
"2023";"Barendrecht";48812;2493
"2020";"Barneveld";59082;336
"2021";"Barneveld";59992;341
"2022";"Barneveld";60584;345
"2023";"Barneveld";61655;351
"2020";"Bathmen";;
"2021";"Bathmen";;
"2022";"Bathmen";;
"2023";"Bathmen";;
"2020";"Bedum";;
"2021";"Bedum";;
"2022";"Bedum";;
"2023";"Bedum";;
"2020";"Beek (L.)";15865;754
"2021";"Beek (L.)";15875;755
"2022";"Beek (L.)";15817;751
"2023";"Beek (L.)";16132;766
"2020";"Beek en Donk";;
"2021";"Beek en Donk";;
"2022";"Beek en Donk";;
"2023";"Beek en Donk";;
"2020";"Beekdaelen";35938;459
"2021";"Beekdaelen";36065;461
"2022";"Beekdaelen";35922;459
"2023";"Beekdaelen";35966;459
"2020";"Beemster";10022;142
"2021";"Beemster";10110;143
"2022";"Beemster";;
"2023";"Beemster";;
"2020";"Beesel";13482;482
"2021";"Beesel";13450;481
"2022";"Beesel";13408;481
"2023";"Beesel";13449;482
"2020";"Beilen";;
"2021";"Beilen";;
"2022";"Beilen";;
"2023";"Beilen";;
"2020";"Belfeld";;
"2021";"Belfeld";;
"2022";"Belfeld";;
"2023";"Belfeld";;
"2020";"Bellingwedde";;
"2021";"Bellingwedde";;
"2022";"Bellingwedde";;
"2023";"Bellingwedde";;
"2020";"Bemmel";;
"2021";"Bemmel";;
"2022";"Bemmel";;
"2023";"Bemmel";;
"2020";"Bennebroek";;
"2021";"Bennebroek";;
"2022";"Bennebroek";;
"2023";"Bennebroek";;
"2020";"Berg en Dal";34992;405
"2021";"Berg en Dal";35010;406
"2022";"Berg en Dal";34951;405
"2023";"Berg en Dal";35420;410
"2020";"Bergambacht";;
"2021";"Bergambacht";;
"2022";"Bergambacht";;
"2023";"Bergambacht";;
"2020";"Bergeijk";18635;184
"2021";"Bergeijk";18754;186
"2022";"Bergeijk";18879;187
"2023";"Bergeijk";19092;189
"2020";"Bergen (L.)";13085;127
"2021";"Bergen (L.)";13108;127
"2022";"Bergen (L.)";13106;127
"2023";"Bergen (L.)";13119;127
"2020";"Bergen (NH.)";29839;302
"2021";"Bergen (NH.)";29715;300
"2022";"Bergen (NH.)";29723;300
"2023";"Bergen (NH.)";30138;304
"2020";"Bergen op Zoom";67496;844
"2021";"Bergen op Zoom";67514;844
"2022";"Bergen op Zoom";67894;849
"2023";"Bergen op Zoom";68864;861
"2020";"Bergeyk";;
"2021";"Bergeyk";;
"2022";"Bergeyk";;
"2023";"Bergeyk";;
"2020";"Bergh";;
"2021";"Bergh";;
"2022";"Bergh";;
"2023";"Bergh";;
"2020";"Bergschenhoek";;
"2021";"Bergschenhoek";;
"2022";"Bergschenhoek";;
"2023";"Bergschenhoek";;
"2020";"Berkel en Rodenrijs";;
"2021";"Berkel en Rodenrijs";;
"2022";"Berkel en Rodenrijs";;
"2023";"Berkel en Rodenrijs";;
"2020";"Berkel-Enschot";;
"2021";"Berkel-Enschot";;
"2022";"Berkel-Enschot";;
"2023";"Berkel-Enschot";;
"2020";"Berkelland";43747;170
"2021";"Berkelland";43846;170
"2022";"Berkelland";43850;170
"2023";"Berkelland";44022;171
"2020";"Berlicum";;
"2021";"Berlicum";;
"2022";"Berlicum";;
"2023";"Berlicum";;
"2020";"Bernheze";31240;348
"2021";"Bernheze";31455;351
"2022";"Bernheze";31715;353
"2023";"Bernheze";32263;360
"2020";"Bernisse";;
"2021";"Bernisse";;
"2022";"Bernisse";;
"2023";"Bernisse";;
"2020";"Best";29988;874
"2021";"Best";30216;881
"2022";"Best";30608;903
"2023";"Best";30897;912
"2020";"Beuningen";25890;593
"2021";"Beuningen";26157;599
"2022";"Beuningen";26235;602
"2023";"Beuningen";26573;609
"2020";"Beverwijk";41626;2262
"2021";"Beverwijk";41863;2275
"2022";"Beverwijk";42084;2293
"2023";"Beverwijk";42711;2327
"2020";"het Bildt";;
"2021";"het Bildt";;
"2022";"het Bildt";;
"2023";"het Bildt";;
"2020";"De Bilt";43137;652
"2021";"De Bilt";43384;656
"2022";"De Bilt";43508;657
"2023";"De Bilt";43884;663
"2020";"Binnenmaas";;
"2021";"Binnenmaas";;
"2022";"Binnenmaas";;
"2023";"Binnenmaas";;
"2020";"Bladel";20390;271
"2021";"Bladel";20529;273
"2022";"Bladel";20718;275
"2023";"Bladel";21009;279
"2020";"Bladel en Netersel";;
"2021";"Bladel en Netersel";;
"2022";"Bladel en Netersel";;
"2023";"Bladel en Netersel";;
"2020";"Blaricum";11540;1038
"2021";"Blaricum";11954;1076
"2022";"Blaricum";12359;1116
"2023";"Blaricum";12490;1128
"2020";"Bleiswijk";;
"2021";"Bleiswijk";;
"2022";"Bleiswijk";;
"2023";"Bleiswijk";;
"2020";"Bloemendaal";23571;592
"2021";"Bloemendaal";23478;590
"2022";"Bloemendaal";23732;597
"2023";"Bloemendaal";23922;602
"2020";"Boarnsterhim";;
"2021";"Boarnsterhim";;
"2022";"Boarnsterhim";;
"2023";"Boarnsterhim";;
"2020";"Bodegraven";;
"2021";"Bodegraven";;
"2022";"Bodegraven";;
"2023";"Bodegraven";;
"2020";"Bodegraven-Reeuwijk";34872;463
"2021";"Bodegraven-Reeuwijk";35278;468
"2022";"Bodegraven-Reeuwijk";35752;474
"2023";"Bodegraven-Reeuwijk";36308;482
"2020";"Boekel";10785;313
"2021";"Boekel";10959;318
"2022";"Boekel";11030;320
"2023";"Boekel";11163;324
"2020";"Ten Boer";;
"2021";"Ten Boer";;
"2022";"Ten Boer";;
"2023";"Ten Boer";;
"2020";"Bolsward";;
"2021";"Bolsward";;
"2022";"Bolsward";;
"2023";"Bolsward";;
"2020";"Borculo";;
"2021";"Borculo";;
"2022";"Borculo";;
"2023";"Borculo";;
"2020";"Borger";;
"2021";"Borger";;
"2022";"Borger";;
"2023";"Borger";;
"2020";"Borger-Odoorn";25559;93
"2021";"Borger-Odoorn";25598;93
"2022";"Borger-Odoorn";25681;93
"2023";"Borger-Odoorn";25919;94
"2020";"Born";;
"2021";"Born";;
"2022";"Born";;
"2023";"Born";;
"2020";"Borne";23312;897
"2021";"Borne";23668;910
"2022";"Borne";24007;924
"2023";"Borne";24524;944
"2020";"Borsele";22739;161
"2021";"Borsele";22818;161
"2022";"Borsele";22847;161
"2023";"Borsele";23159;164
"2020";"Boskoop";;
"2021";"Boskoop";;
"2022";"Boskoop";;
"2023";"Boskoop";;
"2020";"Boxmeer";29365;263
"2021";"Boxmeer";29609;266
"2022";"Boxmeer";;
"2023";"Boxmeer";;
"2020";"Boxtel";30801;483
"2021";"Boxtel";32973;477
"2022";"Boxtel";33129;480
"2023";"Boxtel";33748;489
"2020";"Brakel";;
"2021";"Brakel";;
"2022";"Brakel";;
"2023";"Brakel";;
"2020";"Breda";184069;1464
"2021";"Breda";184126;1464
"2022";"Breda";184702;1469
"2023";"Breda";186438;1483
"2020";"Brederwiede";;
"2021";"Brederwiede";;
"2022";"Brederwiede";;
"2023";"Brederwiede";;
"2020";"Breukelen";;
"2021";"Breukelen";;
"2022";"Breukelen";;
"2023";"Breukelen";;
"2020";"Brielle";17271;627
"2021";"Brielle";17439;633
"2022";"Brielle";17704;643
"2023";"Brielle";;
"2020";"Broekhuizen";;
"2021";"Broekhuizen";;
"2022";"Broekhuizen";;
"2023";"Broekhuizen";;
"2020";"Bronckhorst";36055;127
"2021";"Bronckhorst";36087;127
"2022";"Bronckhorst";36077;127
"2023";"Bronckhorst";36277;128
"2020";"Brouwershaven";;
"2021";"Brouwershaven";;
"2022";"Brouwershaven";;
"2023";"Brouwershaven";;
"2020";"Bruinisse";;
"2021";"Bruinisse";;
"2022";"Bruinisse";;
"2023";"Bruinisse";;
"2020";"Brummen";20726;248
"2021";"Brummen";20884;250
"2022";"Brummen";20890;250
"2023";"Brummen";21105;252
"2020";"Brunssum";27821;1613
"2021";"Brunssum";27670;1604
"2022";"Brunssum";27674;1605
"2023";"Brunssum";27682;1606
"2020";"Budel";;
"2021";"Budel";;
"2022";"Budel";;
"2023";"Budel";;
"2020";"Bunnik";15191;411
"2021";"Bunnik";15341;415
"2022";"Bunnik";15590;422
"2023";"Bunnik";16026;434
"2020";"Bunschoten";21866;720
"2021";"Bunschoten";22019;725
"2022";"Bunschoten";22325;735
"2023";"Bunschoten";22500;740
"2020";"Buren";26749;200
"2021";"Buren";27009;202
"2022";"Buren";27155;203
"2023";"Buren";27725;208
"2020";"Bussum";;
"2021";"Bussum";;
"2022";"Bussum";;
"2023";"Bussum";;
"2020";"Capelle aan den IJssel";67122;4747
"2021";"Capelle aan den IJssel";67319;4761
"2022";"Capelle aan den IJssel";67188;4751
"2023";"Capelle aan den IJssel";67552;4777
"2020";"Castricum";35986;724
"2021";"Castricum";36086;726
"2022";"Castricum";36263;730
"2023";"Castricum";36345;732
"2020";"Chaam";;
"2021";"Chaam";;
"2022";"Chaam";;
"2023";"Chaam";;
"2020";"Coevorden";35297;119
"2021";"Coevorden";35317;119
"2022";"Coevorden";35517;120
"2023";"Coevorden";35700;121
"2020";"Cothen";;
"2021";"Cothen";;
"2022";"Cothen";;
"2023";"Cothen";;
"2020";"Cranendonck";21138;277
"2021";"Cranendonck";21001;275
"2022";"Cranendonck";20669;270
"2023";"Cranendonck";20851;273
"2020";"Cromstrijen";;
"2021";"Cromstrijen";;
"2022";"Cromstrijen";;
"2023";"Cromstrijen";;
"2020";"Cuijk";25130;491
"2021";"Cuijk";25404;497
"2022";"Cuijk";;
"2023";"Cuijk";;
"2020";"Culemborg";28955;989
"2021";"Culemborg";29121;994
"2022";"Culemborg";29397;1004
"2023";"Culemborg";29729;1016
"2020";"Dalen";;
"2021";"Dalen";;
"2022";"Dalen";;
"2023";"Dalen";;
"2020";"Dalfsen";28587;173
"2021";"Dalfsen";28901;175
"2022";"Dalfsen";29162;177
"2023";"Dalfsen";29612;179
"2020";"Dantumadeel";;
"2021";"Dantumadeel";;
"2022";"Dantumadeel";;
"2023";"Dantumadeel";;
"2020";"Dantumadiel";18922;224
"2021";"Dantumadiel";18943;224
"2022";"Dantumadiel";18957;224
"2023";"Dantumadiel";19194;227
"2020";"Delft";103595;4573
"2021";"Delft";103581;4572
"2022";"Delft";104572;4614
"2023";"Delft";106086;4681
"2020";"Delfzijl";24678;185
"2021";"Delfzijl";;
"2022";"Delfzijl";;
"2023";"Delfzijl";;
"2020";"Denekamp";;
"2021";"Denekamp";;
"2022";"Denekamp";;
"2023";"Denekamp";;
"2020";"Deurne";32471;278
"2021";"Deurne";32437;277
"2022";"Deurne";32606;279
"2023";"Deurne";32977;282
"2020";"Deventer";100719;771
"2021";"Deventer";101236;775
"2022";"Deventer";101446;777
"2023";"Deventer";102781;787
"2020";"Didam";;
"2021";"Didam";;
"2022";"Didam";;
"2023";"Didam";;
"2020";"Diemen";30780;2566
"2021";"Diemen";31334;2612
"2022";"Diemen";31822;2664
"2023";"Diemen";32785;2744
"2020";"Diepenheim";;
"2021";"Diepenheim";;
"2022";"Diepenheim";;
"2023";"Diepenheim";;
"2020";"Diepenveen";;
"2021";"Diepenveen";;
"2022";"Diepenveen";;
"2023";"Diepenveen";;
"2020";"Diessen";;
"2021";"Diessen";;
"2022";"Diessen";;
"2023";"Diessen";;
"2020";"Diever";;
"2021";"Diever";;
"2022";"Diever";;
"2023";"Diever";;
"2020";"Dijk en Waard";;
"2021";"Dijk en Waard";;
"2022";"Dijk en Waard";87695;1417
"2023";"Dijk en Waard";88985;1438
"2020";"Dinkelland";26461;151
"2021";"Dinkelland";26606;151
"2022";"Dinkelland";26594;151
"2023";"Dinkelland";26743;152
"2020";"Dinteloord en Prinsenland";;
"2021";"Dinteloord en Prinsenland";;
"2022";"Dinteloord en Prinsenland";;
"2023";"Dinteloord en Prinsenland";;
"2020";"Dinxperlo";;
"2021";"Dinxperlo";;
"2022";"Dinxperlo";;
"2023";"Dinxperlo";;
"2020";"Dirksland";;
"2021";"Dirksland";;
"2022";"Dirksland";;
"2023";"Dirksland";;
"2020";"Dodewaard";;
"2021";"Dodewaard";;
"2022";"Dodewaard";;
"2023";"Dodewaard";;
"2020";"Doesburg";11077;961
"2021";"Doesburg";11064;960
"2022";"Doesburg";11036;955
"2023";"Doesburg";11081;959
"2020";"Doetinchem";58001;734
"2021";"Doetinchem";58270;737
"2022";"Doetinchem";58546;741
"2023";"Doetinchem";59195;749
"2020";"Domburg";;
"2021";"Domburg";;
"2022";"Domburg";;
"2023";"Domburg";;
"2020";"Dongen";26222;897
"2021";"Dongen";26368;902
"2022";"Dongen";26483;906
"2023";"Dongen";27200;930
"2020";"Dongeradeel";;
"2021";"Dongeradeel";;
"2022";"Dongeradeel";;
"2023";"Dongeradeel";;
"2020";"Doorn";;
"2021";"Doorn";;
"2022";"Doorn";;
"2023";"Doorn";;
"2020";"Dordrecht";119284;1519
"2021";"Dordrecht";119115;1517
"2022";"Dordrecht";119537;1541
"2023";"Dordrecht";121434;1566
"2020";"Drechterland";19719;335
"2021";"Drechterland";19838;337
"2022";"Drechterland";19983;339
"2023";"Drechterland";20385;346
"2020";"Driebergen-Rijsenburg";;
"2021";"Driebergen-Rijsenburg";;
"2022";"Driebergen-Rijsenburg";;
"2023";"Driebergen-Rijsenburg";;
"2020";"Drimmelen";27272;287
"2021";"Drimmelen";27325;287
"2022";"Drimmelen";27476;289
"2023";"Drimmelen";27994;295
"2020";"Dronten";41555;125
"2021";"Dronten";42011;126
"2022";"Dronten";42865;128
"2023";"Dronten";43593;131
"2020";"Drunen";;
"2021";"Drunen";;
"2022";"Drunen";;
"2023";"Drunen";;
"2020";"Druten";18926;503
"2021";"Druten";18991;505
"2022";"Druten";19178;511
"2023";"Druten";19505;520
"2020";"Duiveland";;
"2021";"Duiveland";;
"2022";"Duiveland";;
"2023";"Duiveland";;
"2020";"Duiven";25126;741
"2021";"Duiven";25066;739
"2022";"Duiven";24946;736
"2023";"Duiven";24937;736
"2020";"Den Dungen";;
"2021";"Den Dungen";;
"2022";"Den Dungen";;
"2023";"Den Dungen";;
"2020";"Dussen";;
"2021";"Dussen";;
"2022";"Dussen";;
"2023";"Dussen";;
"2020";"Dwingeloo";;
"2021";"Dwingeloo";;
"2022";"Dwingeloo";;
"2023";"Dwingeloo";;
"2020";"Echt";;
"2021";"Echt";;
"2022";"Echt";;
"2023";"Echt";;
"2020";"Echteld";;
"2021";"Echteld";;
"2022";"Echteld";;
"2023";"Echteld";;
"2020";"Echt-Susteren";31610;307
"2021";"Echt-Susteren";31751;308
"2022";"Echt-Susteren";31731;308
"2023";"Echt-Susteren";31967;310
"2020";"Edam-Volendam";36197;666
"2021";"Edam-Volendam";36268;668
"2022";"Edam-Volendam";36471;671
"2023";"Edam-Volendam";36760;677
"2020";"Ede";117165;368
"2021";"Ede";118530;373
"2022";"Ede";119986;377
"2023";"Ede";122012;384
"2020";"Eelde";;
"2021";"Eelde";;
"2022";"Eelde";;
"2023";"Eelde";;
"2020";"Eemnes";9247;298
"2021";"Eemnes";9362;302
"2022";"Eemnes";9450;304
"2023";"Eemnes";9598;309
"2020";"Eemsdelta";;
"2021";"Eemsdelta";45587;170
"2022";"Eemsdelta";45389;169
"2023";"Eemsdelta";45394;169
"2020";"Eemsmond";;
"2021";"Eemsmond";;
"2022";"Eemsmond";;
"2023";"Eemsmond";;
"2020";"Eersel";19313;234
"2021";"Eersel";19528;237
"2022";"Eersel";19823;240
"2023";"Eersel";20004;243
"2020";"Egmond";;
"2021";"Egmond";;
"2022";"Egmond";;
"2023";"Egmond";;
"2020";"Eibergen";;
"2021";"Eibergen";;
"2022";"Eibergen";;
"2023";"Eibergen";;
"2020";"Eijsden";;
"2021";"Eijsden";;
"2022";"Eijsden";;
"2023";"Eijsden";;
"2020";"Eijsden-Margraten";25768;332
"2021";"Eijsden-Margraten";25900;334
"2022";"Eijsden-Margraten";25857;333
"2023";"Eijsden-Margraten";25991;335
"2020";"Eindhoven";234394;2674
"2021";"Eindhoven";235691;2689
"2022";"Eindhoven";238326;2708
"2023";"Eindhoven";243730;2769
"2020";"Elburg";23161;363
"2021";"Elburg";23429;367
"2022";"Elburg";23740;372
"2023";"Elburg";24037;377
"2020";"Elst";;
"2021";"Elst";;
"2022";"Elst";;
"2023";"Elst";;
"2020";"Emmen";107048;319
"2021";"Emmen";107024;319
"2022";"Emmen";107856;322
"2023";"Emmen";108765;324
"2020";"Enkhuizen";18591;1466
"2021";"Enkhuizen";18637;1469
"2022";"Enkhuizen";18620;1470
"2023";"Enkhuizen";18885;1491
"2020";"Enschede";159640;1134
"2021";"Enschede";159732;1134
"2022";"Enschede";160640;1141
"2023";"Enschede";161235;1146
"2020";"Epe";33178;213
"2021";"Epe";33198;213
"2022";"Epe";33257;213
"2023";"Epe";33283;213
"2020";"Ermelo";27008;315
"2021";"Ermelo";27016;315
"2022";"Ermelo";27258;318
"2023";"Ermelo";27496;321
"2020";"Esch";;
"2021";"Esch";;
"2022";"Esch";;
"2023";"Esch";;
"2020";"Etten-Leur";43878;793
"2021";"Etten-Leur";43869;793
"2022";"Etten-Leur";44152;799
"2023";"Etten-Leur";44578;806
"2020";"Ferwerderadeel";;
"2021";"Ferwerderadeel";;
"2022";"Ferwerderadeel";;
"2023";"Ferwerderadeel";;
"2020";"Ferwerderadiel";;
"2021";"Ferwerderadiel";;
"2022";"Ferwerderadiel";;
"2023";"Ferwerderadiel";;
"2020";"Fijnaart en Heijningen";;
"2021";"Fijnaart en Heijningen";;
"2022";"Fijnaart en Heijningen";;
"2023";"Fijnaart en Heijningen";;
"2020";"Franekeradeel";;
"2021";"Franekeradeel";;
"2022";"Franekeradeel";;
"2023";"Franekeradeel";;
"2020";"De Friese Meren";;
"2021";"De Friese Meren";;
"2022";"De Friese Meren";;
"2023";"De Friese Meren";;
"2020";"De Fryske Marren";51564;147
"2021";"De Fryske Marren";51778;147
"2022";"De Fryske Marren";51597;147
"2023";"De Fryske Marren";51992;148
"2020";"Gaasterlân-Sleat";;
"2021";"Gaasterlân-Sleat";;
"2022";"Gaasterlân-Sleat";;
"2023";"Gaasterlân-Sleat";;
"2020";"Gasselte";;
"2021";"Gasselte";;
"2022";"Gasselte";;
"2023";"Gasselte";;
"2020";"Geertruidenberg";21544;809
"2021";"Geertruidenberg";21770;817
"2022";"Geertruidenberg";21944;825
"2023";"Geertruidenberg";22099;831
"2020";"Geldermalsen";;
"2021";"Geldermalsen";;
"2022";"Geldermalsen";;
"2023";"Geldermalsen";;
"2020";"Geldrop";;
"2021";"Geldrop";;
"2022";"Geldrop";;
"2023";"Geldrop";;
"2020";"Geldrop-Mierlo";39726;1281
"2021";"Geldrop-Mierlo";40066;1292
"2022";"Geldrop-Mierlo";40131;1294
"2023";"Geldrop-Mierlo";40441;1304
"2020";"Geleen";;
"2021";"Geleen";;
"2022";"Geleen";;
"2023";"Geleen";;
"2020";"Gemert";;
"2021";"Gemert";;
"2022";"Gemert";;
"2023";"Gemert";;
"2020";"Gemert-Bakel";30723;252
"2021";"Gemert-Bakel";30760;252
"2022";"Gemert-Bakel";31040;254
"2023";"Gemert-Bakel";31383;257
"2020";"Gendringen";;
"2021";"Gendringen";;
"2022";"Gendringen";;
"2023";"Gendringen";;
"2020";"Gendt";;
"2021";"Gendt";;
"2022";"Gendt";;
"2023";"Gendt";;
"2020";"Genemuiden";;
"2021";"Genemuiden";;
"2022";"Genemuiden";;
"2023";"Genemuiden";;
"2020";"Gennep";16921;355
"2021";"Gennep";17035;358
"2022";"Gennep";17237;362
"2023";"Gennep";17764;373
"2020";"Giessenlanden";;
"2021";"Giessenlanden";;
"2022";"Giessenlanden";;
"2023";"Giessenlanden";;
"2020";"Gieten";;
"2021";"Gieten";;
"2022";"Gieten";;
"2023";"Gieten";;
"2020";"Gilze en Rijen";26431;404
"2021";"Gilze en Rijen";26723;409
"2022";"Gilze en Rijen";26557;406
"2023";"Gilze en Rijen";26815;410
"2020";"Goedereede";;
"2021";"Goedereede";;
"2022";"Goedereede";;
"2023";"Goedereede";;
"2020";"Goeree-Overflakkee";50049;192
"2021";"Goeree-Overflakkee";50589;194
"2022";"Goeree-Overflakkee";51051;195
"2023";"Goeree-Overflakkee";51590;197
"2020";"Goes";38082;411
"2021";"Goes";38594;417
"2022";"Goes";38950;421
"2023";"Goes";39433;426
"2020";"Goirle";23904;556
"2021";"Goirle";23952;557
"2022";"Goirle";23979;558
"2023";"Goirle";24177;563
"2020";"Gooise Meren";58055;1396
"2021";"Gooise Meren";58524;1407
"2022";"Gooise Meren";58846;1419
"2023";"Gooise Meren";60341;1456
"2020";"Goor";;
"2021";"Goor";;
"2022";"Goor";;
"2023";"Goor";;
"2020";"Gorinchem";37022;1966
"2021";"Gorinchem";37410;1987
"2022";"Gorinchem";37632;2011
"2023";"Gorinchem";38461;2055
"2020";"Gorssel";;
"2021";"Gorssel";;
"2022";"Gorssel";;
"2023";"Gorssel";;
"2020";"Gouda";73427;4449
"2021";"Gouda";73681;4464
"2022";"Gouda";74095;4491
"2023";"Gouda";75316;4565
"2020";"Graafstroom";;
"2021";"Graafstroom";;
"2022";"Graafstroom";;
"2023";"Graafstroom";;
"2020";"Graft-De Rijp";;
"2021";"Graft-De Rijp";;
"2022";"Graft-De Rijp";;
"2023";"Graft-De Rijp";;
"2020";"Gramsbergen";;
"2021";"Gramsbergen";;
"2022";"Gramsbergen";;
"2023";"Gramsbergen";;
"2020";"Grave";12436;457
"2021";"Grave";12486;459
"2022";"Grave";;
"2023";"Grave";;
"2020";"'s-Graveland";;
"2021";"'s-Graveland";;
"2022";"'s-Graveland";;
"2023";"'s-Graveland";;
"2020";"'s-Gravendeel";;
"2021";"'s-Gravendeel";;
"2022";"'s-Gravendeel";;
"2023";"'s-Gravendeel";;
"2020";"'s-Gravenhage (gemeente)";545838;6620
"2021";"'s-Gravenhage (gemeente)";548320;6650
"2022";"'s-Gravenhage (gemeente)";553417;6712
"2023";"'s-Gravenhage (gemeente)";562839;6827
"2020";"'s-Gravenmoer";;
"2021";"'s-Gravenmoer";;
"2022";"'s-Gravenmoer";;
"2023";"'s-Gravenmoer";;
"2020";"'s-Gravenzande";;
"2021";"'s-Gravenzande";;
"2022";"'s-Gravenzande";;
"2023";"'s-Gravenzande";;
"2020";"Groenlo";;
"2021";"Groenlo";;
"2022";"Groenlo";;
"2023";"Groenlo";;
"2020";"Groesbeek";;
"2021";"Groesbeek";;
"2022";"Groesbeek";;
"2023";"Groesbeek";;
"2020";"Groningen (gemeente)";232874;1255
"2021";"Groningen (gemeente)";233273;1257
"2022";"Groningen (gemeente)";234950;1266
"2023";"Groningen (gemeente)";238147;1284
"2020";"Grootegast";;
"2021";"Grootegast";;
"2022";"Grootegast";;
"2023";"Grootegast";;
"2020";"Grubbenvorst";;
"2021";"Grubbenvorst";;
"2022";"Grubbenvorst";;
"2023";"Grubbenvorst";;
"2020";"Gulpen";;
"2021";"Gulpen";;
"2022";"Gulpen";;
"2023";"Gulpen";;
"2020";"Gulpen-Wittem";14171;194
"2021";"Gulpen-Wittem";14206;194
"2022";"Gulpen-Wittem";14178;194
"2023";"Gulpen-Wittem";14210;194
"2020";"Haaksbergen";24311;232
"2021";"Haaksbergen";24229;231
"2022";"Haaksbergen";24268;232
"2023";"Haaksbergen";24502;234
"2020";"Haaren";14370;249
"2021";"Haaren";;
"2022";"Haaren";;
"2023";"Haaren";;
"2020";"Haarlem";162902;5585
"2021";"Haarlem";162543;5573
"2022";"Haarlem";162898;5576
"2023";"Haarlem";165396;5662
"2020";"Haarlemmerliede en Spaarnwoude";;
"2021";"Haarlemmerliede en Spaarnwoude";;
"2022";"Haarlemmerliede en Spaarnwoude";;
"2023";"Haarlemmerliede en Spaarnwoude";;
"2020";"Haarlemmermeer";156002;790
"2021";"Haarlemmermeer";157789;799
"2022";"Haarlemmermeer";159336;808
"2023";"Haarlemmermeer";162300;823
"2020";"Haelen";;
"2021";"Haelen";;
"2022";"Haelen";;
"2023";"Haelen";;
"2020";"Halderberge";30284;407
"2021";"Halderberge";30430;409
"2022";"Halderberge";30770;413
"2023";"Halderberge";31041;417
"2020";"Halsteren";;
"2021";"Halsteren";;
"2022";"Halsteren";;
"2023";"Halsteren";;
"2020";"Den Ham";;
"2021";"Den Ham";;
"2022";"Den Ham";;
"2023";"Den Ham";;
"2020";"Hardenberg";60948;195
"2021";"Hardenberg";61357;196
"2022";"Hardenberg";61798;198
"2023";"Hardenberg";62509;200
"2020";"Harderwijk";48414;1245
"2021";"Harderwijk";48726;1253
"2022";"Harderwijk";48857;1255
"2023";"Harderwijk";48906;1256
"2020";"Hardinxveld-Giessendam";18295;1082
"2021";"Hardinxveld-Giessendam";18413;1089
"2022";"Hardinxveld-Giessendam";18511;1098
"2023";"Hardinxveld-Giessendam";18681;1108
"2020";"Haren";;
"2021";"Haren";;
"2022";"Haren";;
"2023";"Haren";;
"2020";"Harenkarspel";;
"2021";"Harenkarspel";;
"2022";"Harenkarspel";;
"2023";"Harenkarspel";;
"2020";"Harlingen";15722;630
"2021";"Harlingen";15807;633
"2022";"Harlingen";15904;637
"2023";"Harlingen";16188;649
"2020";"Harmelen";;
"2021";"Harmelen";;
"2022";"Harmelen";;
"2023";"Harmelen";;
"2020";"Hasselt";;
"2021";"Hasselt";;
"2022";"Hasselt";;
"2023";"Hasselt";;
"2020";"Hattem";12209;529
"2021";"Hattem";12228;530
"2022";"Hattem";12307;533
"2023";"Hattem";12563;545
"2020";"Havelte";;
"2021";"Havelte";;
"2022";"Havelte";;
"2023";"Havelte";;
"2020";"Hedel";;
"2021";"Hedel";;
"2022";"Hedel";;
"2023";"Hedel";;
"2020";"Heel";;
"2021";"Heel";;
"2022";"Heel";;
"2023";"Heel";;
"2020";"Heemskerk";39182;1433
"2021";"Heemskerk";39191;1434
"2022";"Heemskerk";39189;1437
"2023";"Heemskerk";39431;1446
"2020";"Heemstede";27234;2968
"2021";"Heemstede";27545;3001
"2022";"Heemstede";27557;3005
"2023";"Heemstede";27778;3029
"2020";"Heerde";18589;236
"2021";"Heerde";18776;238
"2022";"Heerde";18976;242
"2023";"Heerde";19214;245
"2020";"Heerenveen";50493;266
"2021";"Heerenveen";50650;266
"2022";"Heerenveen";51119;269
"2023";"Heerenveen";51637;272
"2020";"Heerewaarden";;
"2021";"Heerewaarden";;
"2022";"Heerewaarden";;
"2023";"Heerewaarden";;
"2020";"Heerhugowaard";57587;1507
"2021";"Heerhugowaard";58387;1528
"2022";"Heerhugowaard";;
"2023";"Heerhugowaard";;
"2020";"Heerjansdam";;
"2021";"Heerjansdam";;
"2022";"Heerjansdam";;
"2023";"Heerjansdam";;
"2020";"Heerlen";87086;1938
"2021";"Heerlen";86936;1935
"2022";"Heerlen";86845;1934
"2023";"Heerlen";87122;1940
"2020";"Heesch";;
"2021";"Heesch";;
"2022";"Heesch";;
"2023";"Heesch";;
"2020";"Heeze";;
"2021";"Heeze";;
"2022";"Heeze";;
"2023";"Heeze";;
"2020";"Heeze-Leende";16152;155
"2021";"Heeze-Leende";16243;156
"2022";"Heeze-Leende";16470;158
"2023";"Heeze-Leende";16627;160
"2020";"Heiloo";23968;1282
"2021";"Heiloo";24144;1291
"2022";"Heiloo";24417;1305
"2023";"Heiloo";24319;1300
"2020";"Heino";;
"2021";"Heino";;
"2022";"Heino";;
"2023";"Heino";;
"2020";"Helden";;
"2021";"Helden";;
"2022";"Helden";;
"2023";"Helden";;
"2020";"Den Helder";56296;1244
"2021";"Den Helder";56582;1250
"2022";"Den Helder";56334;1249
"2023";"Den Helder";56539;1254
"2020";"Hellendoorn";35916;260
"2021";"Hellendoorn";35932;261
"2022";"Hellendoorn";35940;261
"2023";"Hellendoorn";36261;263
"2020";"Hellevoetsluis";40142;977
"2021";"Hellevoetsluis";40312;981
"2022";"Hellevoetsluis";40574;988
"2023";"Hellevoetsluis";;
"2020";"Helmond";92423;1738
"2021";"Helmond";92627;1742
"2022";"Helmond";93476;1758
"2023";"Helmond";94898;1785
"2020";"Helvoirt";;
"2021";"Helvoirt";;
"2022";"Helvoirt";;
"2023";"Helvoirt";;
"2020";"Hendrik-Ido-Ambacht";31202;2940
"2021";"Hendrik-Ido-Ambacht";31258;2945
"2022";"Hendrik-Ido-Ambacht";31663;3108
"2023";"Hendrik-Ido-Ambacht";32183;3159
"2020";"Hengelo (Gld.)";;
"2021";"Hengelo (Gld.)";;
"2022";"Hengelo (Gld.)";;
"2023";"Hengelo (Gld.)";;
"2020";"Hengelo (O.)";81140;1334
"2021";"Hengelo (O.)";81049;1332
"2022";"Hengelo (O.)";81476;1339
"2023";"Hengelo (O.)";82311;1353
"2020";"'s-Hertogenbosch";155111;1410
"2021";"'s-Hertogenbosch";155490;1414
"2022";"'s-Hertogenbosch";156538;1430
"2023";"'s-Hertogenbosch";158753;1450
"2020";"Heteren";;
"2021";"Heteren";;
"2022";"Heteren";;
"2023";"Heteren";;
"2020";"Heumen";16454;414
"2021";"Heumen";16569;417
"2022";"Heumen";17175;432
"2023";"Heumen";16824;423
"2020";"Heusden";44692;567
"2021";"Heusden";45005;571
"2022";"Heusden";45557;578
"2023";"Heusden";45830;581
"2020";"Heythuysen";;
"2021";"Heythuysen";;
"2022";"Heythuysen";;
"2023";"Heythuysen";;
"2020";"Hillegom";22209;1725
"2021";"Hillegom";22197;1724
"2022";"Hillegom";22312;1736
"2023";"Hillegom";22453;1747
"2020";"Hilvarenbeek";15518;164
"2021";"Hilvarenbeek";15698;166
"2022";"Hilvarenbeek";15810;167
"2023";"Hilvarenbeek";15949;168
"2020";"Hilversum";90831;1991
"2021";"Hilversum";91235;2000
"2022";"Hilversum";91733;2013
"2023";"Hilversum";93345;2047
"2020";"Hoeksche Waard";87401;325
"2021";"Hoeksche Waard";88047;327
"2022";"Hoeksche Waard";88715;330
"2023";"Hoeksche Waard";89760;334
"2020";"Hoevelaken";;
"2021";"Hoevelaken";;
"2022";"Hoevelaken";;
"2023";"Hoevelaken";;
"2020";"Hoeven";;
"2021";"Hoeven";;
"2022";"Hoeven";;
"2023";"Hoeven";;
"2020";"Hof van Twente";35017;165
"2021";"Hof van Twente";35040;165
"2022";"Hof van Twente";35056;165
"2023";"Hof van Twente";35455;167
"2020";"Het Hogeland";47801;99
"2021";"Het Hogeland";47834;99
"2022";"Het Hogeland";48022;101
"2023";"Het Hogeland";48298;101
"2020";"Hollands Kroon";48432;136
"2021";"Hollands Kroon";48583;136
"2022";"Hollands Kroon";48778;136
"2023";"Hollands Kroon";49431;138
"2020";"Holten";;
"2021";"Holten";;
"2022";"Holten";;
"2023";"Holten";;
"2020";"Hontenisse";;
"2021";"Hontenisse";;
"2022";"Hontenisse";;
"2023";"Hontenisse";;
"2020";"Hooge en Lage Mierde";;
"2021";"Hooge en Lage Mierde";;
"2022";"Hooge en Lage Mierde";;
"2023";"Hooge en Lage Mierde";;
"2020";"Hooge en Lage Zwaluwe";;
"2021";"Hooge en Lage Zwaluwe";;
"2022";"Hooge en Lage Zwaluwe";;
"2023";"Hooge en Lage Zwaluwe";;
"2020";"Hoogeloon, Hapert en Casteren";;
"2021";"Hoogeloon, Hapert en Casteren";;
"2022";"Hoogeloon, Hapert en Casteren";;
"2023";"Hoogeloon, Hapert en Casteren";;
"2020";"Hoogeveen";55699;437
"2021";"Hoogeveen";55603;436
"2022";"Hoogeveen";55857;438
"2023";"Hoogeveen";56433;442
"2020";"Hoogezand-Sappemeer";;
"2021";"Hoogezand-Sappemeer";;
"2022";"Hoogezand-Sappemeer";;
"2023";"Hoogezand-Sappemeer";;
"2020";"Hoorn";73261;3595
"2021";"Hoorn";73619;3613
"2022";"Hoorn";74298;3647
"2023";"Hoorn";75216;3692
"2020";"Horst";;
"2021";"Horst";;
"2022";"Horst";;
"2023";"Horst";;
"2020";"Horst aan de Maas";42429;225
"2021";"Horst aan de Maas";42487;225
"2022";"Horst aan de Maas";43039;228
"2023";"Horst aan de Maas";43641;231
"2020";"Houten";50146;913
"2021";"Houten";50223;914
"2022";"Houten";50323;917
"2023";"Houten";50581;921
"2020";"Huijbergen";;
"2021";"Huijbergen";;
"2022";"Huijbergen";;
"2023";"Huijbergen";;
"2020";"Huissen";;
"2021";"Huissen";;
"2022";"Huissen";;
"2023";"Huissen";;
"2020";"Huizen";41273;2611
"2021";"Huizen";41090;2600
"2022";"Huizen";40938;2589
"2023";"Huizen";41252;2609
"2020";"Hulst";27556;137
"2021";"Hulst";27575;137
"2022";"Hulst";27533;137
"2023";"Hulst";27596;137
"2020";"Hummelo en Keppel";;
"2021";"Hummelo en Keppel";;
"2022";"Hummelo en Keppel";;
"2023";"Hummelo en Keppel";;
"2020";"Hunsel";;
"2021";"Hunsel";;
"2022";"Hunsel";;
"2023";"Hunsel";;
"2020";"IJsselham";;
"2021";"IJsselham";;
"2022";"IJsselham";;
"2023";"IJsselham";;
"2020";"IJsselmuiden";;
"2021";"IJsselmuiden";;
"2022";"IJsselmuiden";;
"2023";"IJsselmuiden";;
"2020";"IJsselstein";34109;1619
"2021";"IJsselstein";33819;1605
"2022";"IJsselstein";33429;1591
"2023";"IJsselstein";33492;1594
"2020";"Jacobswoude";;
"2021";"Jacobswoude";;
"2022";"Jacobswoude";;
"2023";"Jacobswoude";;
"2020";"Kaag en Braassem";27297;432
"2021";"Kaag en Braassem";27541;435
"2022";"Kaag en Braassem";27895;442
"2023";"Kaag en Braassem";28573;453
"2020";"Kampen";54319;382
"2021";"Kampen";54474;383
"2022";"Kampen";54791;388
"2023";"Kampen";55614;394
"2020";"Kapelle";12695;342
"2021";"Kapelle";12882;347
"2022";"Kapelle";13020;351
"2023";"Kapelle";13051;351
"2020";"Katwijk";65753;2657
"2021";"Katwijk";65995;2667
"2022";"Katwijk";66032;2662
"2023";"Katwijk";66607;2685
"2020";"Kerkrade";45749;2088
"2021";"Kerkrade";45442;2074
"2022";"Kerkrade";45324;2069
"2023";"Kerkrade";45620;2082
"2020";"Kerkwijk";;
"2021";"Kerkwijk";;
"2022";"Kerkwijk";;
"2023";"Kerkwijk";;
"2020";"Kessel";;
"2021";"Kessel";;
"2022";"Kessel";;
"2023";"Kessel";;
"2020";"Kesteren";;
"2021";"Kesteren";;
"2022";"Kesteren";;
"2023";"Kesteren";;
"2020";"Klundert";;
"2021";"Klundert";;
"2022";"Klundert";;
"2023";"Klundert";;
"2020";"Koggenland";22749;283
"2021";"Koggenland";22940;286
"2022";"Koggenland";23048;287
"2023";"Koggenland";23509;293
"2020";"Kollumerland en Nieuwkruisland";;
"2021";"Kollumerland en Nieuwkruisland";;
"2022";"Kollumerland en Nieuwkruisland";;
"2023";"Kollumerland en Nieuwkruisland";;
"2020";"Korendijk";;
"2021";"Korendijk";;
"2022";"Korendijk";;
"2023";"Korendijk";;
"2020";"Krimpen aan den IJssel";29526;3841
"2021";"Krimpen aan den IJssel";29410;3826
"2022";"Krimpen aan den IJssel";29415;3833
"2023";"Krimpen aan den IJssel";29504;3845
"2020";"Krimpenerwaard";56319;380
"2021";"Krimpenerwaard";56622;382
"2022";"Krimpenerwaard";57062;385
"2023";"Krimpenerwaard";57700;389
"2020";"Laarbeek";22523;407
"2021";"Laarbeek";22805;412
"2022";"Laarbeek";22943;414
"2023";"Laarbeek";23260;420
"2020";"Land van Cuijk";;
"2021";"Land van Cuijk";;
"2022";"Land van Cuijk";90707;266
"2023";"Land van Cuijk";91423;268
"2020";"Landerd";15730;224
"2021";"Landerd";15817;225
"2022";"Landerd";;
"2023";"Landerd";;
"2020";"Landgraaf";37445;1523
"2021";"Landgraaf";37262;1516
"2022";"Landgraaf";37023;1506
"2023";"Landgraaf";37175;1512
"2020";"Landsmeer";11491;510
"2021";"Landsmeer";11565;513
"2022";"Landsmeer";11560;515
"2023";"Landsmeer";11705;522
"2020";"Langbroek";;
"2021";"Langbroek";;
"2022";"Langbroek";;
"2023";"Langbroek";;
"2020";"Langedijk";28163;1179
"2021";"Langedijk";28335;1186
"2022";"Langedijk";;
"2023";"Langedijk";;
"2020";"Lansingerland";62384;1168
"2021";"Lansingerland";63363;1186
"2022";"Lansingerland";64110;1203
"2023";"Lansingerland";64754;1216
"2020";"Laren (NH.)";11280;909
"2021";"Laren (NH.)";11398;918
"2022";"Laren (NH.)";11528;929
"2023";"Laren (NH.)";11712;944
"2020";"Leek";;
"2021";"Leek";;
"2022";"Leek";;
"2023";"Leek";;
"2020";"Leende";;
"2021";"Leende";;
"2022";"Leende";;
"2023";"Leende";;
"2020";"Leerdam";;
"2021";"Leerdam";;
"2022";"Leerdam";;
"2023";"Leerdam";;
"2020";"Leersum";;
"2021";"Leersum";;
"2022";"Leersum";;
"2023";"Leersum";;
"2020";"Leeuwarden";124084;521
"2021";"Leeuwarden";124481;523
"2022";"Leeuwarden";125504;528
"2023";"Leeuwarden";127073;535
"2020";"Leeuwarderadeel";;
"2021";"Leeuwarderadeel";;
"2022";"Leeuwarderadeel";;
"2023";"Leeuwarderadeel";;
"2020";"Leiden";125099;5710
"2021";"Leiden";124093;5664
"2022";"Leiden";125074;5724
"2023";"Leiden";127089;5816
"2020";"Leiderdorp";27056;2337
"2021";"Leiderdorp";27377;2365
"2022";"Leiderdorp";27464;2389
"2023";"Leiderdorp";27657;2406
"2020";"Leidschendam";;
"2021";"Leidschendam";;
"2022";"Leidschendam";;
"2023";"Leidschendam";;
"2020";"Leidschendam-Voorburg";76534;2351
"2021";"Leidschendam-Voorburg";76433;2348
"2022";"Leidschendam-Voorburg";76659;2351
"2023";"Leidschendam-Voorburg";77753;2384
"2020";"Lelystad";78598;341
"2021";"Lelystad";79811;347
"2022";"Lelystad";81214;355
"2023";"Lelystad";83033;363
"2020";"Lemsterland";;
"2021";"Lemsterland";;
"2022";"Lemsterland";;
"2023";"Lemsterland";;
"2020";"Leudal";35879;220
"2021";"Leudal";36045;222
"2022";"Leudal";35928;221
"2023";"Leudal";36141;222
"2020";"Leusden";30401;519
"2021";"Leusden";30544;522
"2022";"Leusden";30713;525
"2023";"Leusden";31467;538
"2020";"Lichtenvoorde";;
"2021";"Lichtenvoorde";;
"2022";"Lichtenvoorde";;
"2023";"Lichtenvoorde";;
"2020";"Liemeer";;
"2021";"Liemeer";;
"2022";"Liemeer";;
"2023";"Liemeer";;
"2020";"Liempde";;
"2021";"Liempde";;
"2022";"Liempde";;
"2023";"Liempde";;
"2020";"Lienden";;
"2021";"Lienden";;
"2022";"Lienden";;
"2023";"Lienden";;
"2020";"De Lier";;
"2021";"De Lier";;
"2022";"De Lier";;
"2023";"De Lier";;
"2020";"Lieshout";;
"2021";"Lieshout";;
"2022";"Lieshout";;
"2023";"Lieshout";;
"2020";"Liesveld";;
"2021";"Liesveld";;
"2022";"Liesveld";;
"2023";"Liesveld";;
"2020";"Limmen";;
"2021";"Limmen";;
"2022";"Limmen";;
"2023";"Limmen";;
"2020";"Lingewaal";;
"2021";"Lingewaal";;
"2022";"Lingewaal";;
"2023";"Lingewaal";;
"2020";"Lingewaard";46601;752
"2021";"Lingewaard";46822;755
"2022";"Lingewaard";46963;758
"2023";"Lingewaard";47220;762
"2020";"Lisse";22955;1463
"2021";"Lisse";22982;1465
"2022";"Lisse";23015;1466
"2023";"Lisse";23390;1490
"2020";"Lith";;
"2021";"Lith";;
"2022";"Lith";;
"2023";"Lith";;
"2020";"Littenseradiel";;
"2021";"Littenseradiel";;
"2022";"Littenseradiel";;
"2023";"Littenseradiel";;
"2020";"Lochem";33729;158
"2021";"Lochem";33948;159
"2022";"Lochem";34069;160
"2023";"Lochem";34314;161
"2020";"Loenen";;
"2021";"Loenen";;
"2022";"Loenen";;
"2023";"Loenen";;
"2020";"Loon op Zand";23408;469
"2021";"Loon op Zand";23504;471
"2022";"Loon op Zand";23768;476
"2023";"Loon op Zand";23797;477
"2020";"Loosdrecht";;
"2021";"Loosdrecht";;
"2022";"Loosdrecht";;
"2023";"Loosdrecht";;
"2020";"Lopik";14467;191
"2021";"Lopik";14456;191
"2022";"Lopik";14512;192
"2023";"Lopik";14704;195
"2020";"Loppersum";9537;86
"2021";"Loppersum";;
"2022";"Loppersum";;
"2023";"Loppersum";;
"2020";"Losser";22683;230
"2021";"Losser";22888;232
"2022";"Losser";23084;234
"2023";"Losser";23362;237
"2020";"Luyksgestel";;
"2021";"Luyksgestel";;
"2022";"Luyksgestel";;
"2023";"Luyksgestel";;
"2020";"Maarheeze";;
"2021";"Maarheeze";;
"2022";"Maarheeze";;
"2023";"Maarheeze";;
"2020";"Maarn";;
"2021";"Maarn";;
"2022";"Maarn";;
"2023";"Maarn";;
"2020";"Maarssen";;
"2021";"Maarssen";;
"2022";"Maarssen";;
"2023";"Maarssen";;
"2020";"Maartensdijk";;
"2021";"Maartensdijk";;
"2022";"Maartensdijk";;
"2023";"Maartensdijk";;
"2020";"Maasbracht";;
"2021";"Maasbracht";;
"2022";"Maasbracht";;
"2023";"Maasbracht";;
"2020";"Maasbree";;
"2021";"Maasbree";;
"2022";"Maasbree";;
"2023";"Maasbree";;
"2020";"Maasdonk";;
"2021";"Maasdonk";;
"2022";"Maasdonk";;
"2023";"Maasdonk";;
"2020";"Maasdriel";25030;379
"2021";"Maasdriel";25452;385
"2022";"Maasdriel";25504;387
"2023";"Maasdriel";26020;395
"2020";"Maasgouw";23965;524
"2021";"Maasgouw";23947;524
"2022";"Maasgouw";24028;526
"2023";"Maasgouw";24305;532
"2020";"Maashorst";;
"2021";"Maashorst";;
"2022";"Maashorst";58362;425
"2023";"Maashorst";58934;429
"2020";"Maasland";;
"2021";"Maasland";;
"2022";"Maasland";;
"2023";"Maasland";;
"2020";"Maassluis";33213;3918
"2021";"Maassluis";33567;3960
"2022";"Maassluis";34148;4044
"2023";"Maassluis";35303;4180
"2020";"Maastricht";121575;2172
"2021";"Maastricht";120227;2147
"2022";"Maastricht";121151;2172
"2023";"Maastricht";122734;2200
"2020";"Made";;
"2021";"Made";;
"2022";"Made";;
"2023";"Made";;
"2020";"Made en Drimmelen";;
"2021";"Made en Drimmelen";;
"2022";"Made en Drimmelen";;
"2023";"Made en Drimmelen";;
"2020";"Margraten";;
"2021";"Margraten";;
"2022";"Margraten";;
"2023";"Margraten";;
"2020";"Mariekerke";;
"2021";"Mariekerke";;
"2022";"Mariekerke";;
"2023";"Mariekerke";;
"2020";"Markelo";;
"2021";"Markelo";;
"2022";"Markelo";;
"2023";"Markelo";;
"2020";"De Marne";;
"2021";"De Marne";;
"2022";"De Marne";;
"2023";"De Marne";;
"2020";"Marum";;
"2021";"Marum";;
"2022";"Marum";;
"2023";"Marum";;
"2020";"Maurik";;
"2021";"Maurik";;
"2022";"Maurik";;
"2023";"Maurik";;
"2020";"Medemblik";45101;371
"2021";"Medemblik";45165;372
"2022";"Medemblik";45464;375
"2023";"Medemblik";46031;380
"2020";"Meerlo-Wanssum";;
"2021";"Meerlo-Wanssum";;
"2022";"Meerlo-Wanssum";;
"2023";"Meerlo-Wanssum";;
"2020";"Meerssen";18828;698
"2021";"Meerssen";18661;692
"2022";"Meerssen";18581;695
"2023";"Meerssen";18600;696
"2020";"Meierijstad";81194;441
"2021";"Meierijstad";81647;444
"2022";"Meierijstad";82613;449
"2023";"Meierijstad";83715;455
"2020";"Meijel";;
"2021";"Meijel";;
"2022";"Meijel";;
"2023";"Meijel";;
"2020";"Menaldumadeel";;
"2021";"Menaldumadeel";;
"2022";"Menaldumadeel";;
"2023";"Menaldumadeel";;
"2020";"Menameradiel";;
"2021";"Menameradiel";;
"2022";"Menameradiel";;
"2023";"Menameradiel";;
"2020";"Menterwolde";;
"2021";"Menterwolde";;
"2022";"Menterwolde";;
"2023";"Menterwolde";;
"2020";"Meppel";33920;611
"2021";"Meppel";34386;619
"2022";"Meppel";34761;626
"2023";"Meppel";35464;639
"2020";"Middelburg (Z.)";48822;1008
"2021";"Middelburg (Z.)";48964;1011
"2022";"Middelburg (Z.)";49199;1017
"2023";"Middelburg (Z.)";49956;1033
"2020";"Middelharnis";;
"2021";"Middelharnis";;
"2022";"Middelharnis";;
"2023";"Middelharnis";;
"2020";"Midden-Delfland";19341;410
"2021";"Midden-Delfland";19414;411
"2022";"Midden-Delfland";19484;413
"2023";"Midden-Delfland";19472;413
"2020";"Midden-Drenthe";33185;97
"2021";"Midden-Drenthe";33381;98
"2022";"Midden-Drenthe";33689;99
"2023";"Midden-Drenthe";33987;100
"2020";"Midden-Groningen";60797;217
"2021";"Midden-Groningen";60726;217
"2022";"Midden-Groningen";60898;219
"2023";"Midden-Groningen";61554;221
"2020";"Middenschouwen";;
"2021";"Middenschouwen";;
"2022";"Middenschouwen";;
"2023";"Middenschouwen";;
"2020";"Middenveld";;
"2021";"Middenveld";;
"2022";"Middenveld";;
"2023";"Middenveld";;
"2020";"Mierlo";;
"2021";"Mierlo";;
"2022";"Mierlo";;
"2023";"Mierlo";;
"2020";"Mill en Sint Hubert";10939;209
"2021";"Mill en Sint Hubert";11004;211
"2022";"Mill en Sint Hubert";;
"2023";"Mill en Sint Hubert";;
"2020";"Millingen aan de Rijn";;
"2021";"Millingen aan de Rijn";;
"2022";"Millingen aan de Rijn";;
"2023";"Millingen aan de Rijn";;
"2020";"Moerdijk";37129;233
"2021";"Moerdijk";37185;234
"2022";"Moerdijk";37313;234
"2023";"Moerdijk";37711;237
"2020";"Moergestel";;
"2021";"Moergestel";;
"2022";"Moergestel";;
"2023";"Moergestel";;
"2020";"Molenlanden";43909;242
"2021";"Molenlanden";44130;243
"2022";"Molenlanden";44644;246
"2023";"Molenlanden";45158;249
"2020";"Molenwaard";;
"2021";"Molenwaard";;
"2022";"Molenwaard";;
"2023";"Molenwaard";;
"2020";"Monster";;
"2021";"Monster";;
"2022";"Monster";;
"2023";"Monster";;
"2020";"Montferland";36011;341
"2021";"Montferland";36031;341
"2022";"Montferland";36359;344
"2023";"Montferland";36882;349
"2020";"Montfoort";13917;370
"2021";"Montfoort";13896;370
"2022";"Montfoort";13818;368
"2023";"Montfoort";13929;371
"2020";"Mook en Middelaar";7847;451
"2021";"Mook en Middelaar";7909;455
"2022";"Mook en Middelaar";7989;459
"2023";"Mook en Middelaar";8043;463
"2020";"Moordrecht";;
"2021";"Moordrecht";;
"2022";"Moordrecht";;
"2023";"Moordrecht";;
"2020";"Muiden";;
"2021";"Muiden";;
"2022";"Muiden";;
"2023";"Muiden";;
"2020";"Naaldwijk";;
"2021";"Naaldwijk";;
"2022";"Naaldwijk";;
"2023";"Naaldwijk";;
"2020";"Naarden";;
"2021";"Naarden";;
"2022";"Naarden";;
"2023";"Naarden";;
"2020";"Neder-Betuwe";24339;406
"2021";"Neder-Betuwe";24648;411
"2022";"Neder-Betuwe";25032;417
"2023";"Neder-Betuwe";25448;424
"2020";"Nederhorst den Berg";;
"2021";"Nederhorst den Berg";;
"2022";"Nederhorst den Berg";;
"2023";"Nederhorst den Berg";;
"2020";"Nederlek";;
"2021";"Nederlek";;
"2022";"Nederlek";;
"2023";"Nederlek";;
"2020";"Nederweert";17019;170
"2021";"Nederweert";17171;172
"2022";"Nederweert";17323;173
"2023";"Nederweert";17499;175
"2020";"Neede";;
"2021";"Neede";;
"2022";"Neede";;
"2023";"Neede";;
"2020";"Neerijnen";;
"2021";"Neerijnen";;
"2022";"Neerijnen";;
"2023";"Neerijnen";;
"2020";"Niedorp";;
"2021";"Niedorp";;
"2022";"Niedorp";;
"2023";"Niedorp";;
"2020";"Nieuwegein";63462;2700
"2021";"Nieuwegein";63866;2717
"2022";"Nieuwegein";64554;2757
"2023";"Nieuwegein";65426;2794
"2020";"Nieuwerkerk aan den IJssel";;
"2021";"Nieuwerkerk aan den IJssel";;
"2022";"Nieuwerkerk aan den IJssel";;
"2023";"Nieuwerkerk aan den IJssel";;
"2020";"Nieuw-Ginneken";;
"2021";"Nieuw-Ginneken";;
"2022";"Nieuw-Ginneken";;
"2023";"Nieuw-Ginneken";;
"2020";"Nieuwkoop";28811;369
"2021";"Nieuwkoop";29151;373
"2022";"Nieuwkoop";29304;373
"2023";"Nieuwkoop";29463;375
"2020";"Nieuw-Lekkerland";;
"2021";"Nieuw-Lekkerland";;
"2022";"Nieuw-Lekkerland";;
"2023";"Nieuw-Lekkerland";;
"2020";"Nieuwleusen";;
"2021";"Nieuwleusen";;
"2022";"Nieuwleusen";;
"2023";"Nieuwleusen";;
"2020";"Nieuw-Vossemeer";;
"2021";"Nieuw-Vossemeer";;
"2022";"Nieuw-Vossemeer";;
"2023";"Nieuw-Vossemeer";;
"2020";"Nijefurd";;
"2021";"Nijefurd";;
"2022";"Nijefurd";;
"2023";"Nijefurd";;
"2020";"Nijeveen";;
"2021";"Nijeveen";;
"2022";"Nijeveen";;
"2023";"Nijeveen";;
"2020";"Nijkerk";43171;623
"2021";"Nijkerk";43600;629
"2022";"Nijkerk";44311;639
"2023";"Nijkerk";44975;649
"2020";"Nijmegen";177659;3346
"2021";"Nijmegen";177359;3341
"2022";"Nijmegen";179100;3392
"2023";"Nijmegen";182480;3456
"2020";"Nissewaard";85219;1158
"2021";"Nissewaard";85440;1161
"2022";"Nissewaard";86332;1178
"2023";"Nissewaard";86833;1184
"2020";"Noardeast-Fryslân";45228;120
"2021";"Noardeast-Fryslân";45481;120
"2022";"Noardeast-Fryslân";45593;120
"2023";"Noardeast-Fryslân";45812;121
"2020";"Noord-Beveland";7392;86
"2021";"Noord-Beveland";7581;88
"2022";"Noord-Beveland";7668;89
"2023";"Noord-Beveland";7857;91
"2020";"Noordenveld";31253;157
"2021";"Noordenveld";31214;157
"2022";"Noordenveld";31238;157
"2023";"Noordenveld";31591;159
"2020";"Noorder-Koggenland";;
"2021";"Noorder-Koggenland";;
"2022";"Noorder-Koggenland";;
"2023";"Noorder-Koggenland";;
"2020";"Noordoostpolder";47291;103
"2021";"Noordoostpolder";47583;104
"2022";"Noordoostpolder";48048;105
"2023";"Noordoostpolder";49729;109
"2020";"Noordwijk";43508;745
"2021";"Noordwijk";44062;755
"2022";"Noordwijk";44365;760
"2023";"Noordwijk";45179;774
"2020";"Noordwijkerhout";;
"2021";"Noordwijkerhout";;
"2022";"Noordwijkerhout";;
"2023";"Noordwijkerhout";;
"2020";"Nootdorp";;
"2021";"Nootdorp";;
"2022";"Nootdorp";;
"2023";"Nootdorp";;
"2020";"Norg";;
"2021";"Norg";;
"2022";"Norg";;
"2023";"Norg";;
"2020";"Nuenen, Gerwen en Nederwetten";23383;694
"2021";"Nuenen, Gerwen en Nederwetten";23702;703
"2022";"Nuenen, Gerwen en Nederwetten";23826;708
"2023";"Nuenen, Gerwen en Nederwetten";24015;714
"2020";"Nunspeet";27851;216
"2021";"Nunspeet";28021;218
"2022";"Nunspeet";28223;219
"2023";"Nunspeet";28731;223
"2020";"Nuth";;
"2021";"Nuth";;
"2022";"Nuth";;
"2023";"Nuth";;
"2020";"Obdam";;
"2021";"Obdam";;
"2022";"Obdam";;
"2023";"Obdam";;
"2020";"Odoorn";;
"2021";"Odoorn";;
"2022";"Odoorn";;
"2023";"Odoorn";;
"2020";"Oegstgeest";24840;3399
"2021";"Oegstgeest";25064;3430
"2022";"Oegstgeest";25499;3496
"2023";"Oegstgeest";25746;3530
"2020";"Oirschot";18714;184
"2021";"Oirschot";18842;185
"2022";"Oirschot";19061;187
"2023";"Oirschot";19217;189
"2020";"Oisterwijk";26245;411
"2021";"Oisterwijk";32373;404
"2022";"Oisterwijk";32503;406
"2023";"Oisterwijk";32941;411
"2020";"Oldambt";38209;169
"2021";"Oldambt";38277;169
"2022";"Oldambt";38521;170
"2023";"Oldambt";39044;172
"2020";"Oldebroek";23646;242
"2021";"Oldebroek";23760;243
"2022";"Oldebroek";23930;245
"2023";"Oldebroek";24264;248
"2020";"Oldenzaal";31836;1477
"2021";"Oldenzaal";31701;1471
"2022";"Oldenzaal";31741;1473
"2023";"Oldenzaal";31925;1481
"2020";"Olst";;
"2021";"Olst";;
"2022";"Olst";;
"2023";"Olst";;
"2020";"Olst-Wijhe";18252;160
"2021";"Olst-Wijhe";18361;161
"2022";"Olst-Wijhe";18496;163
"2023";"Olst-Wijhe";18682;164
"2020";"Ommen";18009;100
"2021";"Ommen";18295;102
"2022";"Ommen";18457;103
"2023";"Ommen";18955;105
"2020";"Onderbanken";;
"2021";"Onderbanken";;
"2022";"Onderbanken";;
"2023";"Onderbanken";;
"2020";"Oost Gelre";29627;270
"2021";"Oost Gelre";29574;269
"2022";"Oost Gelre";29603;269
"2023";"Oost Gelre";29846;271
"2020";"Oost-, West- en Middelbeers";;
"2021";"Oost-, West- en Middelbeers";;
"2022";"Oost-, West- en Middelbeers";;
"2023";"Oost-, West- en Middelbeers";;
"2020";"Oostburg";;
"2021";"Oostburg";;
"2022";"Oostburg";;
"2023";"Oostburg";;
"2020";"Oosterhesselen";;
"2021";"Oosterhesselen";;
"2022";"Oosterhesselen";;
"2023";"Oosterhesselen";;
"2020";"Oosterhout";55982;783
"2021";"Oosterhout";56206;786
"2022";"Oosterhout";56535;791
"2023";"Oosterhout";57425;804
"2020";"Oostflakkee";;
"2021";"Oostflakkee";;
"2022";"Oostflakkee";;
"2023";"Oostflakkee";;
"2020";"Ooststellingwerf";25469;114
"2021";"Ooststellingwerf";25464;114
"2022";"Ooststellingwerf";25680;115
"2023";"Ooststellingwerf";25837;116
"2020";"Oostzaan";9735;845
"2021";"Oostzaan";9689;841
"2022";"Oostzaan";9639;834
"2023";"Oostzaan";9720;841
"2020";"Ootmarsum";;
"2021";"Ootmarsum";;
"2022";"Ootmarsum";;
"2023";"Ootmarsum";;
"2020";"Opmeer";11836;285
"2021";"Opmeer";12009;289
"2022";"Opmeer";12074;291
"2023";"Opmeer";12180;294
"2020";"Opsterland";29733;132
"2021";"Opsterland";29812;133
"2022";"Opsterland";29791;133
"2023";"Opsterland";30054;134
"2020";"Oss";91915;563
"2021";"Oss";92526;567
"2022";"Oss";93307;576
"2023";"Oss";94437;583
"2020";"Ossendrecht";;
"2021";"Ossendrecht";;
"2022";"Ossendrecht";;
"2023";"Ossendrecht";;
"2020";"Oud en Nieuw Gastel";;
"2021";"Oud en Nieuw Gastel";;
"2022";"Oud en Nieuw Gastel";;
"2023";"Oud en Nieuw Gastel";;
"2020";"Oud-Beijerland";;
"2021";"Oud-Beijerland";;
"2022";"Oud-Beijerland";;
"2023";"Oud-Beijerland";;
"2020";"Oude IJsselstreek";39388;289
"2021";"Oude IJsselstreek";39346;289
"2022";"Oude IJsselstreek";39387;289
"2023";"Oude IJsselstreek";39613;291
"2020";"Oudenbosch";;
"2021";"Oudenbosch";;
"2022";"Oudenbosch";;
"2023";"Oudenbosch";;
"2020";"Ouder-Amstel";14026;583
"2021";"Ouder-Amstel";14125;587
"2022";"Ouder-Amstel";14212;593
"2023";"Ouder-Amstel";14276;596
"2020";"Ouderkerk";;
"2021";"Ouderkerk";;
"2022";"Ouderkerk";;
"2023";"Ouderkerk";;
"2020";"Oudewater";10230;263
"2021";"Oudewater";10138;261
"2022";"Oudewater";10159;261
"2023";"Oudewater";10232;263
"2020";"Overbetuwe";47906;439
"2021";"Overbetuwe";48214;442
"2022";"Overbetuwe";48266;443
"2023";"Overbetuwe";48707;447
"2020";"Papendrecht";32136;3414
"2021";"Papendrecht";32171;3418
"2022";"Papendrecht";32208;3421
"2023";"Papendrecht";32277;3428
"2020";"Peel en Maas";43425;272
"2021";"Peel en Maas";43660;274
"2022";"Peel en Maas";44278;278
"2023";"Peel en Maas";45276;284
"2020";"Peize";;
"2021";"Peize";;
"2022";"Peize";;
"2023";"Peize";;
"2020";"Pekela";12196;249
"2021";"Pekela";12176;248
"2022";"Pekela";12196;249
"2023";"Pekela";12404;253
"2020";"Pijnacker";;
"2021";"Pijnacker";;
"2022";"Pijnacker";;
"2023";"Pijnacker";;
"2020";"Pijnacker-Nootdorp";55308;1491
"2021";"Pijnacker-Nootdorp";55674;1501
"2022";"Pijnacker-Nootdorp";56572;1534
"2023";"Pijnacker-Nootdorp";57672;1564
"2020";"Prinsenbeek";;
"2021";"Prinsenbeek";;
"2022";"Prinsenbeek";;
"2023";"Prinsenbeek";;
"2020";"Purmerend";81249;3509
"2021";"Purmerend";81683;3528
"2022";"Purmerend";92240;985
"2023";"Purmerend";93992;1004
"2020";"Putte";;
"2021";"Putte";;
"2022";"Putte";;
"2023";"Putte";;
"2020";"Putten";24112;283
"2021";"Putten";24365;286
"2022";"Putten";24598;289
"2023";"Putten";24904;292
"2020";"Raalte";37712;221
"2021";"Raalte";37911;222
"2022";"Raalte";38140;223
"2023";"Raalte";38500;225
"2020";"Raamsdonk";;
"2021";"Raamsdonk";;
"2022";"Raamsdonk";;
"2023";"Raamsdonk";;
"2020";"Ravenstein";;
"2021";"Ravenstein";;
"2022";"Ravenstein";;
"2023";"Ravenstein";;
"2020";"Reeuwijk";;
"2021";"Reeuwijk";;
"2022";"Reeuwijk";;
"2023";"Reeuwijk";;
"2020";"Reiderland";;
"2021";"Reiderland";;
"2022";"Reiderland";;
"2023";"Reiderland";;
"2020";"Reimerswaal";22730;223
"2021";"Reimerswaal";22896;225
"2022";"Reimerswaal";22920;225
"2023";"Reimerswaal";23255;229
"2020";"Renkum";31419;684
"2021";"Renkum";31417;684
"2022";"Renkum";31358;682
"2023";"Renkum";31461;685
"2020";"Renswoude";5444;296
"2021";"Renswoude";5556;302
"2022";"Renswoude";5651;307
"2023";"Renswoude";5747;313
"2020";"Reusel";;
"2021";"Reusel";;
"2022";"Reusel";;
"2023";"Reusel";;
"2020";"Reusel-De Mierden";13112;168
"2021";"Reusel-De Mierden";13127;169
"2022";"Reusel-De Mierden";13271;171
"2023";"Reusel-De Mierden";13542;174
"2020";"Rheden";43761;535
"2021";"Rheden";43525;532
"2022";"Rheden";43435;531
"2023";"Rheden";43570;533
"2020";"Rhenen";20119;478
"2021";"Rhenen";20203;480
"2022";"Rhenen";20265;482
"2023";"Rhenen";20329;484
"2020";"Ridderkerk";46189;1948
"2021";"Ridderkerk";46671;1968
"2022";"Ridderkerk";47099;2006
"2023";"Ridderkerk";47477;2022
"2020";"Riethoven";;
"2021";"Riethoven";;
"2022";"Riethoven";;
"2023";"Riethoven";;
"2020";"Rijnsburg";;
"2021";"Rijnsburg";;
"2022";"Rijnsburg";;
"2023";"Rijnsburg";;
"2020";"Rijnwaarden";;
"2021";"Rijnwaarden";;
"2022";"Rijnwaarden";;
"2023";"Rijnwaarden";;
"2020";"Rijnwoude";;
"2021";"Rijnwoude";;
"2022";"Rijnwoude";;
"2023";"Rijnwoude";;
"2020";"Rijsbergen";;
"2021";"Rijsbergen";;
"2022";"Rijsbergen";;
"2023";"Rijsbergen";;
"2020";"Rijssen";;
"2021";"Rijssen";;
"2022";"Rijssen";;
"2023";"Rijssen";;
"2020";"Rijssen-Holten";38177;406
"2021";"Rijssen-Holten";38204;406
"2022";"Rijssen-Holten";38231;406
"2023";"Rijssen-Holten";38493;409
"2020";"Rijswijk (ZH.)";54450;3901
"2021";"Rijswijk (ZH.)";55220;3956
"2022";"Rijswijk (ZH.)";56941;4078
"2023";"Rijswijk (ZH.)";57997;4150
"2020";"Roden";;
"2021";"Roden";;
"2022";"Roden";;
"2023";"Roden";;
"2020";"Roerdalen";20574;233
"2021";"Roerdalen";20580;233
"2022";"Roerdalen";20558;233
"2023";"Roerdalen";20702;235
"2020";"Roermond";58260;958
"2021";"Roermond";58763;966
"2022";"Roermond";59184;976
"2023";"Roermond";59981;989
"2020";"Roggel en Neer";;
"2021";"Roggel en Neer";;
"2022";"Roggel en Neer";;
"2023";"Roggel en Neer";;
"2020";"Rolde";;
"2021";"Rolde";;
"2022";"Rolde";;
"2023";"Rolde";;
"2020";"De Ronde Venen";44456;445
"2021";"De Ronde Venen";44720;448
"2022";"De Ronde Venen";44955;451
"2023";"De Ronde Venen";45572;457
"2020";"Roosendaal";77251;725
"2021";"Roosendaal";77200;725
"2022";"Roosendaal";77244;725
"2023";"Roosendaal";77613;729
"2020";"Roosendaal en Nispen";;
"2021";"Roosendaal en Nispen";;
"2022";"Roosendaal en Nispen";;
"2023";"Roosendaal en Nispen";;
"2020";"Rosmalen";;
"2021";"Rosmalen";;
"2022";"Rosmalen";;
"2023";"Rosmalen";;
"2020";"Rossum";;
"2021";"Rossum";;
"2022";"Rossum";;
"2023";"Rossum";;
"2020";"Rotterdam";651157;2993
"2021";"Rotterdam";651631;2995
"2022";"Rotterdam";655468;3001
"2023";"Rotterdam";663900;3040
"2020";"Rozenburg";;
"2021";"Rozenburg";;
"2022";"Rozenburg";;
"2023";"Rozenburg";;
"2020";"Rozendaal";1704;61
"2021";"Rozendaal";1726;62
"2022";"Rozendaal";1756;63
"2023";"Rozendaal";1754;63
"2020";"Rucphen";22878;355
"2021";"Rucphen";23080;358
"2022";"Rucphen";23326;362
"2023";"Rucphen";23636;367
"2020";"Ruinen";;
"2021";"Ruinen";;
"2022";"Ruinen";;
"2023";"Ruinen";;
"2020";"Ruinerwold";;
"2021";"Ruinerwold";;
"2022";"Ruinerwold";;
"2023";"Ruinerwold";;
"2020";"Ruurlo";;
"2021";"Ruurlo";;
"2022";"Ruurlo";;
"2023";"Ruurlo";;
"2020";"Sas van Gent";;
"2021";"Sas van Gent";;
"2022";"Sas van Gent";;
"2023";"Sas van Gent";;
"2020";"Sassenheim";;
"2021";"Sassenheim";;
"2022";"Sassenheim";;
"2023";"Sassenheim";;
"2020";"Schagen";46483;276
"2021";"Schagen";46532;277
"2022";"Schagen";46833;279
"2023";"Schagen";47450;282
"2020";"Scheemda";;
"2021";"Scheemda";;
"2022";"Scheemda";;
"2023";"Scheemda";;
"2020";"Schermer";;
"2021";"Schermer";;
"2022";"Schermer";;
"2023";"Schermer";;
"2020";"Scherpenzeel";9880;717
"2021";"Scherpenzeel";10128;735
"2022";"Scherpenzeel";10317;748
"2023";"Scherpenzeel";10386;753
"2020";"Schiedam";78730;4417
"2021";"Schiedam";79279;4448
"2022";"Schiedam";79644;4472
"2023";"Schiedam";80628;4528
"2020";"Schiermonnikoog";947;23
"2021";"Schiermonnikoog";931;23
"2022";"Schiermonnikoog";944;22
"2023";"Schiermonnikoog";982;23
"2020";"Schijndel";;
"2021";"Schijndel";;
"2022";"Schijndel";;
"2023";"Schijndel";;
"2020";"Schinnen";;
"2021";"Schinnen";;
"2022";"Schinnen";;
"2023";"Schinnen";;
"2020";"Schipluiden";;
"2021";"Schipluiden";;
"2022";"Schipluiden";;
"2023";"Schipluiden";;
"2020";"Schoonebeek";;
"2021";"Schoonebeek";;
"2022";"Schoonebeek";;
"2023";"Schoonebeek";;
"2020";"Schoonhoven";;
"2021";"Schoonhoven";;
"2022";"Schoonhoven";;
"2023";"Schoonhoven";;
"2020";"Schoorl";;
"2021";"Schoorl";;
"2022";"Schoorl";;
"2023";"Schoorl";;
"2020";"Schouwen-Duiveland";33839;147
"2021";"Schouwen-Duiveland";34065;148
"2022";"Schouwen-Duiveland";34152;149
"2023";"Schouwen-Duiveland";34561;151
"2020";"Sevenum";;
"2021";"Sevenum";;
"2022";"Sevenum";;
"2023";"Sevenum";;
"2020";"Simpelveld";10555;658
"2021";"Simpelveld";10477;654
"2022";"Simpelveld";10425;650
"2023";"Simpelveld";10396;649
"2020";"Sint Anthonis";11664;117
"2021";"Sint Anthonis";11691;118
"2022";"Sint Anthonis";;
"2023";"Sint Anthonis";;
"2020";"Sint-Michielsgestel";29208;500
"2021";"Sint-Michielsgestel";29498;505
"2022";"Sint-Michielsgestel";29731;510
"2023";"Sint-Michielsgestel";30135;516
"2020";"Sint-Oedenrode";;
"2021";"Sint-Oedenrode";;
"2022";"Sint-Oedenrode";;
"2023";"Sint-Oedenrode";;
"2020";"Sittard";;
"2021";"Sittard";;
"2022";"Sittard";;
"2023";"Sittard";;
"2020";"Sittard-Geleen";92429;1170
"2021";"Sittard-Geleen";91743;1161
"2022";"Sittard-Geleen";91719;1167
"2023";"Sittard-Geleen";92234;1173
"2020";"Skarsterlân";;
"2021";"Skarsterlân";;
"2022";"Skarsterlân";;
"2023";"Skarsterlân";;
"2020";"Sleen";;
"2021";"Sleen";;
"2022";"Sleen";;
"2023";"Sleen";;
"2020";"Sliedrecht";25220;1965
"2021";"Sliedrecht";25597;1994
"2022";"Sliedrecht";25897;2016
"2023";"Sliedrecht";26184;2038
"2020";"Slochteren";;
"2021";"Slochteren";;
"2022";"Slochteren";;
"2023";"Slochteren";;
"2020";"Sluis";23210;83
"2021";"Sluis";23166;83
"2022";"Sluis";23141;83
"2023";"Sluis";23243;83
"2020";"Sluis-Aardenburg";;
"2021";"Sluis-Aardenburg";;
"2022";"Sluis-Aardenburg";;
"2023";"Sluis-Aardenburg";;
"2020";"Smallingerland";56150;479
"2021";"Smallingerland";56040;478
"2022";"Smallingerland";55895;477
"2023";"Smallingerland";56098;479
"2020";"Smilde";;
"2021";"Smilde";;
"2022";"Smilde";;
"2023";"Smilde";;
"2020";"Sneek";;
"2021";"Sneek";;
"2022";"Sneek";;
"2023";"Sneek";;
"2020";"Soest";46606;1008
"2021";"Soest";46906;1014
"2022";"Soest";47113;1019
"2023";"Soest";47439;1026
"2020";"Someren";19368;241
"2021";"Someren";19428;242
"2022";"Someren";19701;246
"2023";"Someren";20061;250
"2020";"Son en Breugel";17322;667
"2021";"Son en Breugel";17552;676
"2022";"Son en Breugel";17775;685
"2023";"Son en Breugel";18010;694
"2020";"Spijkenisse";;
"2021";"Spijkenisse";;
"2022";"Spijkenisse";;
"2023";"Spijkenisse";;
"2020";"Sprang-Capelle";;
"2021";"Sprang-Capelle";;
"2022";"Sprang-Capelle";;
"2023";"Sprang-Capelle";;
"2020";"St. Anthonis";;
"2021";"St. Anthonis";;
"2022";"St. Anthonis";;
"2023";"St. Anthonis";;
"2020";"Stad Delden";;
"2021";"Stad Delden";;
"2022";"Stad Delden";;
"2023";"Stad Delden";;
"2020";"Stadskanaal";31686;269
"2021";"Stadskanaal";31754;270
"2022";"Stadskanaal";31851;271
"2023";"Stadskanaal";32135;273
"2020";"Standdaarbuiten";;
"2021";"Standdaarbuiten";;
"2022";"Standdaarbuiten";;
"2023";"Standdaarbuiten";;
"2020";"Staphorst";17145;128
"2021";"Staphorst";17261;129
"2022";"Staphorst";17282;129
"2023";"Staphorst";17628;132
"2020";"Stede Broec";21726;1498
"2021";"Stede Broec";21743;1500
"2022";"Stede Broec";21947;1515
"2023";"Stede Broec";22138;1529
"2020";"Steenbergen";24416;167
"2021";"Steenbergen";24310;166
"2022";"Steenbergen";24333;166
"2023";"Steenbergen";24610;168
"2020";"Steenderen";;
"2021";"Steenderen";;
"2022";"Steenderen";;
"2023";"Steenderen";;
"2020";"Steenwijk";;
"2021";"Steenwijk";;
"2022";"Steenwijk";;
"2023";"Steenwijk";;
"2020";"Steenwijkerland";44126;153
"2021";"Steenwijkerland";44341;154
"2022";"Steenwijkerland";44741;155
"2023";"Steenwijkerland";45376;157
"2020";"Stein (L.)";25007;1186
"2021";"Stein (L.)";24875;1180
"2022";"Stein (L.)";24803;1185
"2023";"Stein (L.)";24772;1184
"2020";"Stichtse Vecht";64931;676
"2021";"Stichtse Vecht";65108;678
"2022";"Stichtse Vecht";65240;679
"2023";"Stichtse Vecht";65771;685
"2020";"Stramproy";;
"2021";"Stramproy";;
"2022";"Stramproy";;
"2023";"Stramproy";;
"2020";"Strijen";;
"2021";"Strijen";;
"2022";"Strijen";;
"2023";"Strijen";;
"2020";"Súdwest-Fryslân";89987;172
"2021";"Súdwest-Fryslân";89999;172
"2022";"Súdwest-Fryslân";90300;173
"2023";"Súdwest-Fryslân";90883;174
"2020";"Susteren";;
"2021";"Susteren";;
"2022";"Susteren";;
"2023";"Susteren";;
"2020";"Swalmen";;
"2021";"Swalmen";;
"2022";"Swalmen";;
"2023";"Swalmen";;
"2020";"Tegelen";;
"2021";"Tegelen";;
"2022";"Tegelen";;
"2023";"Tegelen";;
"2020";"Terheijden";;
"2021";"Terheijden";;
"2022";"Terheijden";;
"2023";"Terheijden";;
"2020";"Terneuzen";54426;217
"2021";"Terneuzen";54463;218
"2022";"Terneuzen";54501;218
"2023";"Terneuzen";54993;220
"2020";"Terschelling";4888;57
"2021";"Terschelling";4870;57
"2022";"Terschelling";4960;57
"2023";"Terschelling";4928;57
"2020";"Teteringen";;
"2021";"Teteringen";;
"2022";"Teteringen";;
"2023";"Teteringen";;
"2020";"Texel";13575;84
"2021";"Texel";13656;84
"2022";"Texel";13687;84
"2023";"Texel";13979;86
"2020";"Teylingen";37440;1319
"2021";"Teylingen";37791;1331
"2022";"Teylingen";37942;1340
"2023";"Teylingen";38510;1360
"2020";"Tholen";25757;176
"2021";"Tholen";26085;178
"2022";"Tholen";26401;180
"2023";"Tholen";26825;183
"2020";"Thorn";;
"2021";"Thorn";;
"2022";"Thorn";;
"2023";"Thorn";;
"2020";"Tiel";42159;1282
"2021";"Tiel";41920;1275
"2022";"Tiel";42277;1289
"2023";"Tiel";42604;1299
"2020";"Tilburg";219789;1892
"2021";"Tilburg";221947;1762
"2022";"Tilburg";224459;1783
"2023";"Tilburg";227707;1809
"2020";"Tubbergen";21275;145
"2021";"Tubbergen";21315;145
"2022";"Tubbergen";21364;145
"2023";"Tubbergen";21408;146
"2020";"Twenterand";33743;318
"2021";"Twenterand";33699;317
"2022";"Twenterand";33718;318
"2023";"Twenterand";33867;319
"2020";"Tynaarlo";33887;237
"2021";"Tynaarlo";33978;238
"2022";"Tynaarlo";34221;240
"2023";"Tynaarlo";34592;242
"2020";"Tytsjerksteradiel";32052;215
"2021";"Tytsjerksteradiel";32060;215
"2022";"Tytsjerksteradiel";32282;217
"2023";"Tytsjerksteradiel";32408;218
"2020";"Ubbergen";;
"2021";"Ubbergen";;
"2022";"Ubbergen";;
"2023";"Ubbergen";;
"2020";"Uden";42119;629
"2021";"Uden";42291;631
"2022";"Uden";;
"2023";"Uden";;
"2020";"Udenhout";;
"2021";"Udenhout";;
"2022";"Udenhout";;
"2023";"Udenhout";;
"2020";"Uitgeest";13666;713
"2021";"Uitgeest";13632;711
"2022";"Uitgeest";13563;708
"2023";"Uitgeest";13472;703
"2020";"Uithoorn";29478;1625
"2021";"Uithoorn";30206;1665
"2022";"Uithoorn";31018;1712
"2023";"Uithoorn";31442;1735
"2020";"Urk";21031;1599
"2021";"Urk";21227;1614
"2022";"Urk";21468;1634
"2023";"Urk";21829;1661
"2020";"Utrecht (gemeente)";357597;3811
"2021";"Utrecht (gemeente)";359370;3830
"2022";"Utrecht (gemeente)";361699;3857
"2023";"Utrecht (gemeente)";367947;3924
"2020";"Utrechtse Heuvelrug";49580;376
"2021";"Utrechtse Heuvelrug";49946;378
"2022";"Utrechtse Heuvelrug";49981;379
"2023";"Utrechtse Heuvelrug";50429;382
"2020";"Vaals";10105;423
"2021";"Vaals";10084;422
"2022";"Vaals";10135;424
"2023";"Vaals";10190;427
"2020";"Valburg";;
"2021";"Valburg";;
"2022";"Valburg";;
"2023";"Valburg";;
"2020";"Valkenburg (ZH.)";;
"2021";"Valkenburg (ZH.)";;
"2022";"Valkenburg (ZH.)";;
"2023";"Valkenburg (ZH.)";;
"2020";"Valkenburg aan de Geul";16367;446
"2021";"Valkenburg aan de Geul";16365;446
"2022";"Valkenburg aan de Geul";16167;440
"2023";"Valkenburg aan de Geul";16423;447
"2020";"Valkenisse";;
"2021";"Valkenisse";;
"2022";"Valkenisse";;
"2023";"Valkenisse";;
"2020";"Valkenswaard";31193;568
"2021";"Valkenswaard";31221;569
"2022";"Valkenswaard";31236;569
"2023";"Valkenswaard";31527;574
"2020";"Veendam";27384;360
"2021";"Veendam";27417;361
"2022";"Veendam";27466;362
"2023";"Veendam";27616;364
"2020";"Veenendaal";66493;3417
"2021";"Veenendaal";66912;3438
"2022";"Veenendaal";67671;3484
"2023";"Veenendaal";68525;3528
"2020";"Veere";21880;165
"2021";"Veere";21953;166
"2022";"Veere";21850;164
"2023";"Veere";22045;166
"2020";"Veghel";;
"2021";"Veghel";;
"2022";"Veghel";;
"2023";"Veghel";;
"2020";"Veldhoven";45466;1435
"2021";"Veldhoven";45500;1436
"2022";"Veldhoven";45822;1446
"2023";"Veldhoven";46417;1465
"2020";"Velsen";68648;1519
"2021";"Velsen";68617;1518
"2022";"Velsen";68482;1521
"2023";"Velsen";68790;1528
"2020";"Venhuizen";;
"2021";"Venhuizen";;
"2022";"Venhuizen";;
"2023";"Venhuizen";;
"2020";"Venlo";101802;819
"2021";"Venlo";101988;821
"2022";"Venlo";102136;823
"2023";"Venlo";103328;832
"2020";"Venray";43614;267
"2021";"Venray";43713;268
"2022";"Venray";43964;269
"2023";"Venray";44628;273
"2020";"Vessem, Wintelre en Knegsel";;
"2021";"Vessem, Wintelre en Knegsel";;
"2022";"Vessem, Wintelre en Knegsel";;
"2023";"Vessem, Wintelre en Knegsel";;
"2020";"Vianen";;
"2021";"Vianen";;
"2022";"Vianen";;
"2023";"Vianen";;
"2020";"Vierlingsbeek";;
"2021";"Vierlingsbeek";;
"2022";"Vierlingsbeek";;
"2023";"Vierlingsbeek";;
"2020";"Vijfheerenlanden";56811;388
"2021";"Vijfheerenlanden";57829;395
"2022";"Vijfheerenlanden";58788;402
"2023";"Vijfheerenlanden";60052;411
"2020";"Vlaardingen";73397;3114
"2021";"Vlaardingen";73924;3137
"2022";"Vlaardingen";74143;3174
"2023";"Vlaardingen";75079;3214
"2020";"Vlagtwedde";;
"2021";"Vlagtwedde";;
"2022";"Vlagtwedde";;
"2023";"Vlagtwedde";;
"2020";"Vledder";;
"2021";"Vledder";;
"2022";"Vledder";;
"2023";"Vledder";;
"2020";"Vleuten-De Meern";;
"2021";"Vleuten-De Meern";;
"2022";"Vleuten-De Meern";;
"2023";"Vleuten-De Meern";;
"2020";"Vlieland";1155;30
"2021";"Vlieland";1194;31
"2022";"Vlieland";1195;29
"2023";"Vlieland";1291;31
"2020";"Vlijmen";;
"2021";"Vlijmen";;
"2022";"Vlijmen";;
"2023";"Vlijmen";;
"2020";"Vlissingen";44360;1293
"2021";"Vlissingen";44358;1293
"2022";"Vlissingen";44585;1297
"2023";"Vlissingen";45150;1314
"2020";"Vlist";;
"2021";"Vlist";;
"2022";"Vlist";;
"2023";"Vlist";;
"2020";"Voerendaal";12475;396
"2021";"Voerendaal";12466;396
"2022";"Voerendaal";12426;394
"2023";"Voerendaal";12405;394
"2020";"Voorburg";;
"2021";"Voorburg";;
"2022";"Voorburg";;
"2023";"Voorburg";;
"2020";"Voorhout";;
"2021";"Voorhout";;
"2022";"Voorhout";;
"2023";"Voorhout";;
"2020";"Voorne aan Zee";;
"2021";"Voorne aan Zee";;
"2022";"Voorne aan Zee";;
"2023";"Voorne aan Zee";73945;607
"2020";"Voorschoten";25596;2297
"2021";"Voorschoten";25650;2302
"2022";"Voorschoten";25627;2306
"2023";"Voorschoten";25665;2309
"2020";"Voorst";24552;200
"2021";"Voorst";24790;202
"2022";"Voorst";24994;203
"2023";"Voorst";25215;205
"2020";"Vorden";;
"2021";"Vorden";;
"2022";"Vorden";;
"2023";"Vorden";;
"2020";"Vries";;
"2021";"Vries";;
"2022";"Vries";;
"2023";"Vries";;
"2020";"Vriezenveen";;
"2021";"Vriezenveen";;
"2022";"Vriezenveen";;
"2023";"Vriezenveen";;
"2020";"Vught";26558;787
"2021";"Vught";31669;527
"2022";"Vught";31783;530
"2023";"Vught";32113;535
"2020";"Waadhoeke";46090;162
"2021";"Waadhoeke";46149;162
"2022";"Waadhoeke";46309;162
"2023";"Waadhoeke";46718;164
"2020";"Waalre";17456;780
"2021";"Waalre";17544;784
"2022";"Waalre";17626;787
"2023";"Waalre";17980;803
"2020";"Waalwijk";48637;753
"2021";"Waalwijk";48815;756
"2022";"Waalwijk";49342;765
"2023";"Waalwijk";49952;774
"2020";"Waddinxveen";29291;1055
"2021";"Waddinxveen";30479;1097
"2022";"Waddinxveen";31342;1129
"2023";"Waddinxveen";32601;1175
"2020";"Wageningen";39664;1304
"2021";"Wageningen";39635;1303
"2022";"Wageningen";39939;1313
"2023";"Wageningen";40960;1347
"2020";"Warmond";;
"2021";"Warmond";;
"2022";"Warmond";;
"2023";"Warmond";;
"2020";"Warnsveld";;
"2021";"Warnsveld";;
"2022";"Warnsveld";;
"2023";"Warnsveld";;
"2020";"Waspik";;
"2021";"Waspik";;
"2022";"Waspik";;
"2023";"Waspik";;
"2020";"Wassenaar";26305;515
"2021";"Wassenaar";26949;527
"2022";"Wassenaar";27115;530
"2023";"Wassenaar";27093;529
"2020";"Wateringen";;
"2021";"Wateringen";;
"2022";"Wateringen";;
"2023";"Wateringen";;
"2020";"Waterland";17424;334
"2021";"Waterland";17312;332
"2022";"Waterland";17343;334
"2023";"Waterland";17609;339
"2020";"Weerselo";;
"2021";"Weerselo";;
"2022";"Weerselo";;
"2023";"Weerselo";;
"2020";"Weert";50105;480
"2021";"Weert";50011;479
"2022";"Weert";50346;483
"2023";"Weert";50872;488
"2020";"Weesp";19738;866
"2021";"Weesp";20445;897
"2022";"Weesp";20766;914
"2023";"Weesp";;
"2020";"Wehl";;
"2021";"Wehl";;
"2022";"Wehl";;
"2023";"Wehl";;
"2020";"Werkendam";;
"2021";"Werkendam";;
"2022";"Werkendam";;
"2023";"Werkendam";;
"2020";"Wervershoof";;
"2021";"Wervershoof";;
"2022";"Wervershoof";;
"2023";"Wervershoof";;
"2020";"West Betuwe";51128;237
"2021";"West Betuwe";51496;238
"2022";"West Betuwe";51971;241
"2023";"West Betuwe";52720;244
"2020";"West Maas en Waal";19324;252
"2021";"West Maas en Waal";19581;255
"2022";"West Maas en Waal";19675;258
"2023";"West Maas en Waal";20065;263
"2020";"Westerbork";;
"2021";"Westerbork";;
"2022";"Westerbork";;
"2023";"Westerbork";;
"2020";"Westerhoven";;
"2021";"Westerhoven";;
"2022";"Westerhoven";;
"2023";"Westerhoven";;
"2020";"Wester-Koggenland";;
"2021";"Wester-Koggenland";;
"2022";"Wester-Koggenland";;
"2023";"Wester-Koggenland";;
"2020";"Westerkwartier";63329;175
"2021";"Westerkwartier";63678;176
"2022";"Westerkwartier";64306;177
"2023";"Westerkwartier";64946;179
"2020";"Westerschouwen";;
"2021";"Westerschouwen";;
"2022";"Westerschouwen";;
"2023";"Westerschouwen";;
"2020";"Westerveld";19460;70
"2021";"Westerveld";19661;71
"2022";"Westerveld";19854;71
"2023";"Westerveld";19860;71
"2020";"Westervoort";14971;2130
"2021";"Westervoort";15014;2136
"2022";"Westervoort";14944;2131
"2023";"Westervoort";15114;2155
"2020";"Westerwolde";25733;93
"2021";"Westerwolde";26215;95
"2022";"Westerwolde";26571;96
"2023";"Westerwolde";26537;96
"2020";"Westkapelle";;
"2021";"Westkapelle";;
"2022";"Westkapelle";;
"2023";"Westkapelle";;
"2020";"Westland";110375;1358
"2021";"Westland";111382;1370
"2022";"Westland";112448;1392
"2023";"Westland";114887;1423
"2020";"Weststellingwerf";25914;118
"2021";"Weststellingwerf";26130;119
"2022";"Weststellingwerf";26278;119
"2023";"Weststellingwerf";26467;120
"2020";"Westvoorne";14731;277
"2021";"Westvoorne";14900;280
"2022";"Westvoorne";14960;281
"2023";"Westvoorne";;
"2020";"Wierden";24446;258
"2021";"Wierden";24538;259
"2022";"Wierden";24643;260
"2023";"Wierden";24862;263
"2020";"Wieringen";;
"2021";"Wieringen";;
"2022";"Wieringen";;
"2023";"Wieringen";;
"2020";"Wieringermeer";;
"2021";"Wieringermeer";;
"2022";"Wieringermeer";;
"2023";"Wieringermeer";;
"2020";"Wijchen";41110;621
"2021";"Wijchen";41261;624
"2022";"Wijchen";41344;626
"2023";"Wijchen";41537;629
"2020";"Wijdemeren";24358;512
"2021";"Wijdemeren";24463;514
"2022";"Wijdemeren";24494;515
"2023";"Wijdemeren";24659;519
"2020";"Wijhe";;
"2021";"Wijhe";;
"2022";"Wijhe";;
"2023";"Wijhe";;
"2020";"De Wijk";;
"2021";"De Wijk";;
"2022";"De Wijk";;
"2023";"De Wijk";;
"2020";"Wijk bij Duurstede";23914;502
"2021";"Wijk bij Duurstede";23925;502
"2022";"Wijk bij Duurstede";23921;503
"2023";"Wijk bij Duurstede";23995;504
"2020";"Willemstad";;
"2021";"Willemstad";;
"2022";"Willemstad";;
"2023";"Willemstad";;
"2020";"Winschoten";;
"2021";"Winschoten";;
"2022";"Winschoten";;
"2023";"Winschoten";;
"2020";"Winsum";;
"2021";"Winsum";;
"2022";"Winsum";;
"2023";"Winsum";;
"2020";"Winterswijk";28854;209
"2021";"Winterswijk";29022;210
"2022";"Winterswijk";29185;211
"2023";"Winterswijk";29253;212
"2020";"Wisch";;
"2021";"Wisch";;
"2022";"Wisch";;
"2023";"Wisch";;
"2020";"Wittem";;
"2021";"Wittem";;
"2022";"Wittem";;
"2023";"Wittem";;
"2020";"Woensdrecht";21876;239
"2021";"Woensdrecht";22028;240
"2022";"Woensdrecht";22112;241
"2023";"Woensdrecht";22191;242
"2020";"Woerden";52299;590
"2021";"Woerden";52694;595
"2022";"Woerden";52882;597
"2023";"Woerden";53244;601
"2020";"Wognum";;
"2021";"Wognum";;
"2022";"Wognum";;
"2023";"Wognum";;
"2020";"De Wolden";24330;108
"2021";"De Wolden";24374;109
"2022";"De Wolden";24511;109
"2023";"De Wolden";24602;110
"2020";"Wormerland";16270;422
"2021";"Wormerland";16333;423
"2022";"Wormerland";16381;425
"2023";"Wormerland";16612;431
"2020";"Woudenberg";13362;366
"2021";"Woudenberg";13639;373
"2022";"Woudenberg";13873;380
"2023";"Woudenberg";14358;393
"2020";"Woudrichem";;
"2021";"Woudrichem";;
"2022";"Woudrichem";;
"2023";"Woudrichem";;
"2020";"Wouw";;
"2021";"Wouw";;
"2022";"Wouw";;
"2023";"Wouw";;
"2020";"Wûnseradiel";;
"2021";"Wûnseradiel";;
"2022";"Wûnseradiel";;
"2023";"Wûnseradiel";;
"2020";"Wymbritseradiel";;
"2021";"Wymbritseradiel";;
"2022";"Wymbritseradiel";;
"2023";"Wymbritseradiel";;
"2020";"Zaanstad";156794;2123
"2021";"Zaanstad";156901;2124
"2022";"Zaanstad";157166;2131
"2023";"Zaanstad";159618;2165
"2020";"Zaltbommel";28881;364
"2021";"Zaltbommel";29447;371
"2022";"Zaltbommel";29957;381
"2023";"Zaltbommel";30349;386
"2020";"Zandvoort";17116;533
"2021";"Zandvoort";17168;535
"2022";"Zandvoort";17107;533
"2023";"Zandvoort";17542;547
"2020";"Zederik";;
"2021";"Zederik";;
"2022";"Zederik";;
"2023";"Zederik";;
"2020";"Zeevang";;
"2021";"Zeevang";;
"2022";"Zeevang";;
"2023";"Zeevang";;
"2020";"Zeewolde";22653;92
"2021";"Zeewolde";22879;93
"2022";"Zeewolde";23348;94
"2023";"Zeewolde";23692;96
"2020";"Zeist";64905;1338
"2021";"Zeist";65043;1341
"2022";"Zeist";65987;1361
"2023";"Zeist";66629;1374
"2020";"Zelhem";;
"2021";"Zelhem";;
"2022";"Zelhem";;
"2023";"Zelhem";;
"2020";"Zevenaar";43750;472
"2021";"Zevenaar";44096;476
"2022";"Zevenaar";44645;482
"2023";"Zevenaar";45042;486
"2020";"Zevenbergen";;
"2021";"Zevenbergen";;
"2022";"Zevenbergen";;
"2023";"Zevenbergen";;
"2020";"Zevenhuizen-Moerkapelle";;
"2021";"Zevenhuizen-Moerkapelle";;
"2022";"Zevenhuizen-Moerkapelle";;
"2023";"Zevenhuizen-Moerkapelle";;
"2020";"Zierikzee";;
"2021";"Zierikzee";;
"2022";"Zierikzee";;
"2023";"Zierikzee";;
"2020";"Zijpe";;
"2021";"Zijpe";;
"2022";"Zijpe";;
"2023";"Zijpe";;
"2020";"Zoetermeer";125285;3637
"2021";"Zoetermeer";125267;3637
"2022";"Zoetermeer";125767;3653
"2023";"Zoetermeer";126998;3689
"2020";"Zoeterwoude";8605;406
"2021";"Zoeterwoude";8843;417
"2022";"Zoeterwoude";9302;440
"2023";"Zoeterwoude";9443;446
"2020";"Zuidhorn";;
"2021";"Zuidhorn";;
"2022";"Zuidhorn";;
"2023";"Zuidhorn";;
"2020";"Zuidlaren";;
"2021";"Zuidlaren";;
"2022";"Zuidlaren";;
"2023";"Zuidlaren";;
"2020";"Zuidplas";43885;756
"2021";"Zuidplas";45064;777
"2022";"Zuidplas";45794;790
"2023";"Zuidplas";46981;811
"2020";"Zuidwolde";;
"2021";"Zuidwolde";;
"2022";"Zuidwolde";;
"2023";"Zuidwolde";;
"2020";"Zundert";21829;181
"2021";"Zundert";21988;182
"2022";"Zundert";22260;185
"2023";"Zundert";22518;187
"2020";"Zutphen";47934;1170
"2021";"Zutphen";48111;1175
"2022";"Zutphen";48330;1181
"2023";"Zutphen";48510;1186
"2020";"Zwartewaterland";22685;275
"2021";"Zwartewaterland";22823;277
"2022";"Zwartewaterland";23012;279
"2023";"Zwartewaterland";23368;284
"2020";"Zwartsluis";;
"2021";"Zwartsluis";;
"2022";"Zwartsluis";;
"2023";"Zwartsluis";;
"2020";"Zweeloo";;
"2021";"Zweeloo";;
"2022";"Zweeloo";;
"2023";"Zweeloo";;
"2020";"Zwijndrecht";44737;2204
"2021";"Zwijndrecht";44775;2206
"2022";"Zwijndrecht";44789;2206
"2023";"Zwijndrecht";45018;2217
"2020";"Zwolle";128840;1160
"2021";"Zwolle";129840;1169
"2022";"Zwolle";130668;1181
"2023";"Zwolle";132411;1196
